id,FIN,cafo_name,geometry,satellite_name,county,city_town,Latitude,Longitude
0,14142,Abel Dairy Farms LLC,POINT (-88.35828202339258 43.70203812750967),,Fond du Lac,EDEN,43.70203812750970,-88.35828202339260
1,47537,Augustine Dairy Farm,POINT (-90.92254497927027 45.29385021953632),,Taylor,MCKINLEY,45.29385021953630,-90.92254497927030
2,5542,Babcock Genetics LLC,POINT (-91.30686392332547 43.95976198972119),,La Crosse,HOLLAND,43.95976198972120,-91.30686392332550
3,18978,Bach Farms LLC,POINT (-90.35558477330551 45.002989211788964),,Clark,MAYVILLE,45.00298921178900,-90.35558477330550
4,41773,Badger Holsteins of Unity LLC,POINT (-90.41529477141677 44.84284018322348),,Clark,UNITY,44.84284018322350,-90.41529477141680
5,41046,Badger Pride Dairy LLC,POINT (-87.89404892147562 44.037139209313516),,Manitowoc,LIBERTY,44.03713920931350,-87.89404892147560
6,52209,BADGERWOOD LLC,POINT (-91.02452517631913 46.51964139362555),,Bayfield,EILEEN,46.51964139362560,-91.02452517631910
7,58274,Bella Vista Dairy Inc,POINT (-90.27992448471751 42.74550185799119),,Lafayette,KENDALL,42.74550185799120,-90.27992448471750
8,33947,Betley Farms LLC,POINT (-88.3187391195696 44.64517228211103),,Shawano,MAPLE GROVE,44.64517228211100,-88.3187391195696
9,41675,Blaser Farms Inc,POINT (-88.2248641207419 44.89513232674754),,Oconto,OCONTO FALLS,44.89513232674750,-88.2248641207419
10,53801,Schilling Brothers Land LLC,POINT (-90.49073456885056 42.95258387971592),,Grant,WINGVILLE,42.95258387971590,-90.49073456885060
11,17359,Burr Oak Heifers LLC,POINT (-89.61029542928219 43.99403909989264),,Adams,RICHFIELD,43.99403909989260,-89.61029542928220
12,21913,MS Farming LLC,POINT (-90.54840877984333 44.59647013666224),,Clark,GRANT,44.59647013666220,-90.54840877984330
13,16809,Calf Source LLC,POINT (-87.96132497439307 44.32622625177277),,Brown,MORRISON,44.32622625177280,-87.96132497439310
14,34971,Central Sands Dairy LLC,POINT (-89.9706675629778 44.222222114461196),,Juneau,ARMENIA,44.2222221144612,-89.9706675629778
15,28479,Chapman Farms - Dairy,POINT (-90.56325470825348 43.970804038356675),,Monroe,ADRIAN,43.97080403835670,-90.56325470825350
16,20967,"CHIPPEWA VIEW FARMS, LLC",POINT (-91.2108571224662 45.73107826574529),,Sawyer,RADISSON,45.73107826574530,-91.2108571224662
17,44943,Christian Hill Dairy LLC,POINT (-88.45334703795163 43.573455101062095),,Dodge,LOMIRA,43.573455101062100,-88.45334703795160
18,32531,Clark View Farms LLC,POINT (-91.08130673968492 42.94598284255801),,Grant,WYALUSING,42.94598284255800,-91.08130673968490
19,16778,Clover Hill Dairy,POINT (-88.37335001339711 43.56339310396245),,Fond du Lac,ASHFORD,43.56339310396250,-88.37335001339710
20,45793,Coleman Ponderosa LLC,POINT (-88.0663520925128 45.05984836281615),,Marinette,POUND,45.05984836281620,-88.0663520925128
21,48180,Collins Dairy LLC,POINT (-87.97134197162092 44.27204624330291),,Brown,MORRISON,44.27204624330290,-87.97134197162090
22,45639,Crailoo Dairy Farm LLC,POINT (-88.49942805950631 43.64844611105825),,Fond du Lac,BYRON,43.64844611105830,-88.49942805950630
23,35966,C Dairy LLC West,POINT (-91.76634515189863 44.713929075987856),,Dunn,ROCK CREEK,44.713929075987900,-91.76634515189860
24,16905,Crave Brothers Farm LLC,POINT (-88.96240015192512 43.23632401626409),,Dodge,PORTLAND,43.23632401626410,-88.96240015192510
25,37676,Dachel Hog Farm,POINT (-91.51820311139734 44.96423813025125),,Chippewa,TILDEN,44.96423813025130,-91.51820311139730
26,20199,Dairy Dreams LLC,POINT (-87.58847590032805 44.66310132803527),,Kewaunee,LINCOLN,44.66310132803530,-87.58847590032810
27,14767,Dairyland Farm LLC,POINT (-87.80474795172347 44.541386295907),,Brown,GREEN BAY,44.541386295907,-87.80474795172350
28,14139,Darlington Ridge Farms LLC,POINT (-90.29476047997866 42.65246784251661),,Lafayette,SEYMOUR,42.65246784251660,-90.29476047997870
29,5119,Daybreak Foods Inc Lake Mills Complex,POINT (-89.01220415179243 43.09202998983919),,Dane,DEERFIELD,43.09202998983920,-89.01220415179240
30,44060,DC KAMPS,POINT (-90.29315848287378 42.683753847871),,Lafayette,SEYMOUR,42.683753847871,-90.29315848287380
31,63318,DC Kamps Rockville,POINT (-90.68051360056253 42.73949583342365),,Grant,POTOSI,42.73949583342370,-90.68051360056250
32,46615,Denmark Dairy LLC,POINT (-91.78590019131879 44.97445111475643),,Dunn,TAINTER,44.97445111475640,-91.7859001913188
33,15053,Dietsche Dairy LLC,POINT (-90.36525874038736 44.71409216645469),,Clark,SHERMAN,44.71409216645470,-90.36525874038740
34,41865,Dutch Dairy LLC,POINT (-90.76197088316913 44.92044317317855),,Clark,RESEBURG,44.92044317317860,-90.76197088316910
35,31548,El Na Farms LLC,POINT (-87.56527488693578 44.601951319455566),,Kewaunee,LINCOLN,44.601951319455600,-87.56527488693580
36,41772,Erickson Dairy LLC,POINT (-90.56145077391734 44.52255412413213),,Clark,PINE VALLEY,44.52255412413210,-90.56145077391730
37,52263,Fischer Clark Dairy,POINT (-89.36838745811144 44.83192524713976),,Marathon,REID,44.83192524713980,-89.36838745811140
38,47836,Fitz Pine Dairy Farm Inc,POINT (-87.8239498934671 43.97702820383319),,Manitowoc,MEEME,43.97702820383320,-87.8239498934671
39,33398,Four Mile Creek Dairy LLC,POINT (-91.89231226695321 45.30953615712807),,Barron,MAPLE GROVE,45.30953615712810,-91.8923122669532
40,23548,Gordondale Farms Inc,POINT (-89.29310639497494 44.50277520066382),,Portage,AMHERST,44.50277520066380,-89.29310639497490
41,15244,Green Valley Dairy LLC,POINT (-88.29440112809647 44.78229530542799),,Shawano,GREEN VALLEY,44.78229530542800,-88.29440112809650
42,10203,Grotegut Dairy Farm Inc.,POINT (-87.75892487596207 43.99189021032122),,Manitowoc,NEWTON,43.99189021032120,-87.75892487596210
43,37120,Halls Calf Ranch,POINT (-87.65354089705089 44.458869291855386),,Kewaunee,MONTPELIER,44.458869291855400,-87.65354089705090
44,12964,Hamlin Valley Farms Inc,POINT (-91.43167103321625 44.55155207331376),,Trempealeau,ALBION,44.55155207331380,-91.43167103321620
45,61212,Hawk High Dairy,POINT (-90.6200987125543 43.86859201805168),,Monroe,RIDGEVILLE,43.86859201805170,-90.6200987125543
46,17362,Heeg Brothers Dairy LLC,POINT (-90.16837170416954 44.8997732079318),,Marathon,FRANKFORT,44.8997732079318,-90.16837170416950
47,5118,HIDDEN VALLEY FARMS INC,POINT (-90.25982148380122 42.779900864894564),,Lafayette,KENDALL,42.77990086489460,-90.25982148380120
48,49188,High Point Farms LLC,POINT (-89.88942535500293 42.58717285489082),,Lafayette,WAYNE,42.58717285489080,-89.88942535500290
49,63159,"Horsens Homestead Farms, LLC",POINT (-88.34514715070301 44.84001131146114),,Shawano,GREEN VALLEY,44.84001131146110,-88.34514715070300
50,48126,Hornstead Dairy,POINT (-88.05756499392574 44.23962923286369),,Calumet,BRILLION,44.23962923286370,-88.05756499392570
51,38020,J M Schmidt and Sons Inc,POINT (-88.43512502287656 43.48759408788459),,Dodge,THERESA,43.48759408788460,-88.43512502287660
52,52977,Jil Ro Sie Holsteins,POINT (-92.52509236984815 44.70124402489998),,Pierce,TRIMBELLE,44.70124402490000,-92.52509236984820
53,34600,John and Mary Jane Higbie,POINT (-91.70850717237818 45.00932112462627),,Dunn,COLFAX,45.00932112462630,-91.70850717237820
54,48036,Johnson Hill Farm LLC,POINT (-87.89858792206716 44.03235320797946),,Manitowoc,LIBERTY,44.03235320797950,-87.89858792206720
55,37353,Junction View Dairy LLC,POINT (-90.36360056767899 43.27159893915063),,Richland,ORION,43.27159893915060,-90.363600567679
56,31966,Karl Hausner Farms LLC,POINT (-89.87564742305617 43.24894196467413),,Sauk,TROY,43.24894196467410,-89.87564742305620
57,44084,Katzman Farms Inc,POINT (-88.68693302384378 42.803935960389616),,Walworth,WHITEWATER,42.803935960389600,-88.68693302384380
58,51654,Katzman Farms Inc Hebron,POINT (-88.68693302384378 42.803935960389616),,Walworth,WHITEWATER,42.803935960389600,-88.68693302384380
59,62710,"Kemper Jerseys, LLC",POINT (-90.13996956233898 43.78686903533038),,Juneau,LINDINA,43.78686903533040,-90.13996956233900
60,46122,Kersten Farms LLC,POINT (-89.07153017468306 43.14268499469785),,Dane,MEDINA,43.14268499469790,-89.07153017468310
61,31968,Kieler Farms Inc,POINT (-90.5754335627952 42.67342082937905),,Grant,PARIS,42.67342082937910,-90.5754335627952
62,47908,Kinnamon Ridge Dairy LLC,POINT (-90.10456452157496 43.53027999583249),,Sauk,IRONTON,43.53027999583250,-90.10456452157500
63,56940,"Kit-tell Inc,",POINT (-88.7423961139649 43.48639506997179),,Dodge,BURNETT,43.48639506997180,-88.7423961139649
64,15682,Denmark Dairy LLC Ridgeland,POINT (-91.88253525306756 45.226655145579166),,Barron,DALLAS,45.226655145579200,-91.88253525306760
65,46773,"Kooiker Calves, Inc.",POINT (-88.99478720336717 43.60985907513714),,Dodge,FOX LAKE,43.60985907513710,-88.99478720336720
66,38774,Kostechka Dairy LLC,POINT (-87.83357492113804 44.195921238504894),,Manitowoc,FRANKLIN,44.195921238504900,-87.83357492113800
67,49817,KRETZSCHMAR HOLSTEINS INC,POINT (-90.53110501851478 46.44722341633641),,Iron,GURNEY,46.44722341633640,-90.53110501851480
68,48215,Krueger Dairy LLC,POINT (-88.66308424088221 44.79480028455695),,Shawano,RICHMOND,44.79480028455700,-88.66308424088220
69,28700,Kutz Dairy,POINT (-88.77548806807123 42.973300984176625),,Jefferson,HEBRON,42.97330098417660,-88.77548806807120
70,50358,Lakeview Dairy LLC,POINT (-88.85383615752093 43.57578007802883),,Dodge,TRENTON,43.57578007802880,-88.85383615752090
71,59885,Legend Farms Dairy,POINT (-87.5958148798825 44.45941529490015),,Kewaunee,WEST KEWAUNEE,44.45941529490020,-87.5958148798825
72,18979,"Looking Forward, LLC",POINT (-90.35560577684738 45.02592821495929),,Clark,MAYVILLE,45.02592821495930,-90.35560577684740
73,23554,Lynn Enterprises,POINT (-90.26064072437924 44.83651219158591),,Marathon,BRIGHTON,44.83651219158590,-90.26064072437920
74,42445,Mahr Brothers LLC,POINT (-90.97627195282631 44.96780416617171),,Chippewa,DELMAR,44.96780416617170,-90.97627195282630
75,53542,MAM Farms,POINT (-89.05485023318352 43.714026089194014),,Green Lake,MANCHESTER,43.714026089194000,-89.05485023318350
76,10653,Maple Leaf Dairy Inc,POINT (-87.7442378665974 43.95225620444966),,Manitowoc,CENTERVILLE,43.95225620444970,-87.7442378665974
77,17361,"Maple Ridge Dairy Business, LLC.",POINT (-90.15195768874604 44.81297019496302),,Marathon,EAU PLEINE,44.81297019496300,-90.15195768874600
78,37673,Mar Bec Dairy LLC,POINT (-91.72283310537914 44.45057003927765),,Buffalo,GILMANTON,44.45057003927770,-91.72283310537910
79,18109,Meadowlark Dairy LLC,POINT (-88.133299028573 44.340886244293955),,Brown,WRIGHTSTOWN,44.34088624429400,-88.133299028573
80,43742,"Melichar Broad Acres, LLC",POINT (-87.9085218584639 43.42252810784891),,Ozaukee,PORT WASHINGTON,43.42252810784890,-87.9085218584639
81,17900,Merry Water Farms Inc,POINT (-88.45976692917792 42.536285929264565),,Walworth,LINN,42.536285929264600,-88.45976692917790
82,40486,"Meyer Family Dairy, LLC",POINT (-90.47767078383444 44.80095417288248),,Clark,BEAVER,44.80095417288250,-90.47767078383440
83,40654,Miedema Dairy Farms LLC,POINT (-88.15196707160844 44.6662152952686),,Brown,PITTSFIELD,44.6662152952686,-88.15196707160840
84,16432,Miltrim Farms Inc,POINT (-90.12116070747818 45.032014230647924),,Marathon,JOHNSON,45.03201423064790,-90.12116070747820
85,21643,Mueller Dairy Farm LLC,POINT (-88.04447199858245 44.314721245282804),,Brown,WRIGHTSTOWN,44.3147212452828,-88.04447199858250
86,52457,Mueller Range Line Dairy,POINT (-87.7991158807942 43.9228251966724),,Manitowoc,CENTERVILLE,43.9228251966724,-87.7991158807942
87,38013,Nagel Dairy Farm LLC,POINT (-89.16471245142625 45.271551327896724),,Langlade,NEVA,45.27155132789670,-89.16471245142630
88,48463,Naples Swine LLC,POINT (-91.53225406547797 44.56966206985882),,Buffalo,NAPLES,44.56966206985880,-91.53225406547800
89,5029,NEHLS BROS FARMS LTD,POINT (-88.68462908689553 43.38718705734839),,Dodge,OAK GROVE,43.38718705734840,-88.68462908689550
90,25267,Neighborhood Dairy LLC,POINT (-88.2331090651739 44.39458024717433),,Outagamie,KAUKAUNA,44.39458024717430,-88.2331090651739
91,43735,New Chester Dairy LLC,POINT (-89.67999943671235 43.88154607829639),,Adams,NEW CHESTER,43.88154607829640,-89.67999943671240
92,34200,New Horizons Dairy LLC,POINT (-88.16368103840438 44.34803824388786),,Brown,WRIGHTSTOWN,44.34803824388790,-88.16368103840440
93,14138,Norm E Lane Inc,POINT (-90.3241217190906 44.641735157861284),,Clark,FREMONT,44.64173515786130,-90.3241217190906
94,13993,NORSWISS FARMS INC,POINT (-91.8343502730198 45.47881018687833),,Barron,STANFOLD,45.47881018687830,-91.8343502730198
95,47820,Ocooch Dairy,POINT (-90.41686462330406 43.61707199091291),,Vernon,GREENWOOD,43.61707199091290,-90.41686462330410
96,36047,O'Harrow's Family Farm LLC,POINT (-88.20147511593737 44.90767733072168),,Oconto,OCONTO FALLS,44.90767733072170,-88.20147511593740
97,63352,"Olson Dairy Farms, Inc.",POINT (-89.12085839414215 44.923081276454624),,Shawano,BIRNAMWOOD,44.923081276454600,-89.12085839414220
98,14684,Omro Dairy LLC,POINT (-88.70568116417651 44.03183516122564),,Winnebago,OMRO,44.03183516122560,-88.70568116417650
99,52487,Orthland Dairy Farm LLC,POINT (-87.77921087458199 43.92559919760809),,Manitowoc,CENTERVILLE,43.92559919760810,-87.77921087458200
100,23549,"Ostrowski Farms, Inc.",POINT (-89.26715742817571 44.84335725488691),,Marathon,ELDERON,44.84335725488690,-89.26715742817570
101,62806,Otto Farms LLC,POINT (-87.85669591150808 44.04732421319678),,Manitowoc,LIBERTY,44.04732421319680,-87.85669591150810
102,58045,Timberwolf RE LLC,POINT (-90.58326053168143 42.94293362773431),,Grant,LIBERTY,42.94293362773430,-90.58326053168150
103,51824,Oak Ridge Dairy Farm LLC,POINT (-90.30655654847006 42.65129617924505),,Lafayette,SEYMOUR,42.65129617924510,-90.30655654847010
104,24569,Dean's Eggs/Naturelink Farms - Pulsfus Facility,POINT (-89.2674612520922 43.32770101341915),,Columbia,LEEDS,43.32770101341920,-89.2674612520922
105,31967,Plainview Stock Farm Inc,POINT (-89.42176850897168 42.72091342817848),,Green,ALBANY,42.72091342817850,-89.42176850897170
106,49497,R Acres Rademacher,POINT (-89.1707882024298 43.131098986579445),,Dane,SUN PRAIRIE,43.131098986579400,-89.1707882024298
107,12113,Spring Grove Dairy,POINT (-89.42262613394396 42.56851868275824),,Green,SPRING GROVE,42.56851868275820,-89.42262613394400
108,23553,Rausch Farms,POINT (-90.04732468525086 45.03518323645195),,Marathon,HALSEY,45.03518323645200,-90.04732468525090
109,30650,Redtail Ridge Dairy,POINT (-88.32500302676942 43.81768814837559),,Fond du Lac,TAYCHEEDAH,43.81768814837560,-88.32500302676940
110,44328,Richfield Dairy LLC,POINT (-89.60295842896494 44.00747110334576),,Adams,RICHFIELD,44.00747110334580,-89.60295842896490
111,32532,Williams Bedrock Bovines Inc,POINT (-89.42781144773288 42.54085985750927),,Green,SPRING GROVE,42.54085985750930,-89.42781144773290
112,44595,Wolf L & G Farms LLC,POINT (-90.70041989170788 42.77046380615007),,Grant,SOUTH LANCASTER,42.77046380615010,-90.70041989170790
113,11788,Cottonwood Dairy LLC,POINT (-89.94402426451109 42.63364177072506),,Lafayette,WIOTA,42.63364177072510,-89.94402426451110
114,44238,Rock Prairie Dairy LLC,POINT (-88.80503204310403 42.656347929613915),,Rock,BRADFORD,42.65634792961390,-88.80503204310400
115,35713,Valley Mead Farm LLC,POINT (-89.66238429898306 42.736987674691974),,Green,WASHINGTON,42.73698767469200,-89.66238429898310
116,25828,Rolling Hills Dairy Farm,POINT (-87.68503390448768 44.441780287252186),,Kewaunee,MONTPELIER,44.441780287252200,-87.68503390448770
117,53481,Ron Ziegler Farm,POINT (-89.32329026487066 43.29216300447281),,Columbia,LEEDS,43.29216300447280,-89.32329026487070
118,33482,RUEDEN BEEF LLC,POINT (-88.11890401553613 44.27167123458296),,Brown,HOLLAND,44.27167123458300,-88.11890401553610
119,58639,Rustic Wagon Wheel Dairy LLC,POINT (-87.6133778640865 44.272928264214045),,Manitowoc,MISHICOT,44.272928264214000,-87.6133778640865
120,29256,S & S Jerseyland Dairy LLC,POINT (-87.50275988249393 44.73669134477995),,Door,FORESTVILLE,44.73669134478000,-87.50275988249390
121,36637,SCHEPS DAIRY INC,POINT (-92.07326633722124 45.44311116553697),,Barron,ALMENA,45.44311116553700,-92.07326633722120
122,53658,Schmidt Farms West LLC,POINT (-90.28528654162109 43.23859993833248),,Richland,BUENA VISTA,43.23859993833250,-90.28528654162110
123,15106,Schuh View Dairy LLC,POINT (-88.313448087758 44.38758424118951),,Outagamie,FREEDOM,44.38758424118950,-88.313448087758
124,42383,Seguins Valley View Acres LLC,POINT (-91.42642904122071 44.6237410845127),,Eau Claire,PLEASANT VALLEY,44.6237410845127,-91.42642904122070
125,25481,Shiloh Dairy LLC,POINT (-88.10676400434419 44.20357922407847),,Calumet,BRILLION,44.20357922407850,-88.10676400434420
126,35906,Solhawk Dairy Inc,POINT (-91.49487009611352 44.90067812215738),,Chippewa,WHEATON,44.90067812215740,-91.49487009611350
127,10193,"SPRING BREEZE DAIRY, LLC",POINT (-89.03239240195744 45.19566732456496),,Langlade,POLAR,45.19566732456500,-89.03239240195740
128,57583,Squires Farm Inc,POINT (-91.83631817895143 44.76766107953191),,Dunn,DUNN,44.76766107953190,-91.83631817895140
129,5114,Stencil Dairy Farms LLC,POINT (-87.90478396682575 44.409066268609564),,Brown,GLENMORE,44.40906626860960,-87.90478396682580
130,55608,Stone-Front Farm,POINT (-90.67081360630587 42.81267384639084),,Grant,SOUTH LANCASTER,42.81267384639080,-90.67081360630590
131,39993,Strassburg Creek Dairy,POINT (-89.02457235709068 44.85764727275602),,Shawano,ALMON,44.85764727275600,-89.02457235709070
132,40097,Strutz Farm Inc,POINT (-87.52810883599085 44.25640226657997),,Manitowoc,TWO CREEKS,44.25640226658000,-87.52810883599090
133,58859,Sunny Slope Dairy LLC,POINT (-87.97785796220101 44.167520225850865),,Manitowoc,MAPLE GROVE,44.16752022585090,-87.97785796220100
134,14143,Tauchen Harmony Valley Inc,POINT (-88.38597925009203 44.7077470854879),,Shawano,HARTLAND,44.7077470854879,-88.38597925009200
135,40721,The Cattle Corner,POINT (-87.78755594203139 44.500766290059246),,Brown,HUMBOLDT,44.500766290059200,-87.78755594203140
136,5096,The Hanor Company of Wisconsin LLC Main Farm,POINT (-90.14400349954305 43.230779945701485),,Sauk,SPRING GREEN,43.230779945701500,-90.14400349954310
137,9798,Thompsons Gold Dust Dairy,POINT (-88.08857502015073 44.3913682549103),,Brown,ROCKLAND,44.3913682549103,-88.08857502015070
138,9796,Tidy View Dairy LLC,POINT (-88.25823906850293 44.36666524100828),,Outagamie,FREEDOM,44.36666524100830,-88.25823906850290
139,11740,Tinedale Farms LLP,POINT (-88.17173103861244 44.333663241389615),,Brown,WRIGHTSTOWN,44.333663241389600,-88.17173103861240
140,20801,TRI STAR DAIRY Inc,POINT (-90.00437662161897 44.618021174403076),,Wood,AUBURNDALE,44.61802117440310,-90.00437662161900
141,48589,Trillium Hill Farms,POINT (-88.91889721613104 43.92997713213998),,Green Lake,BERLIN,43.92997713214000,-88.91889721613100
142,11741,Lincoln Hogs,POINT (-91.06592689860406 44.330332062563656),,Jackson,SPRINGFIELD,44.330332062563700,-91.06592689860410
143,46067,Triple C Dairy,POINT (-88.19918010649808 44.83747631986777),,Oconto,MORGAN,44.83747631986780,-88.19918010649810
144,43644,Twin Cities Vue Dairy LLC,POINT (-87.74335288727198 44.14033923484533),,Manitowoc,MANITOWOC RAPIDS,44.14033923484530,-87.74335288727200
145,21827,UNITED PRIDE DAIRY LLC,POINT (-90.34393985189594 45.63670030842777),,Price,WORCESTER,45.63670030842780,-90.34393985189590
146,41823,United Vision Dairy LLC,POINT (-87.58619085294353 44.249098261604026),,Manitowoc,MISHICOT,44.249098261604000,-87.58619085294350
147,32863,Van De Walle Farms LLC,POINT (-88.01952909007258 45.16107538104623),,Marinette,BEAVER,45.16107538104620,-88.01952909007260
148,7725,Verhasselt Farms Ltd,POINT (-88.23457106298774 44.37702424432497),,Outagamie,KAUKAUNA,44.37702424432500,-88.23457106298770
149,39374,Terrance Volm,POINT (-88.30427398488624 43.490719096308226),,Washington,WAYNE,43.49071909630820,-88.30427398488620
150,18599,Wayside Dairy LLC,POINT (-87.96371196723582 44.25779424061262),,Brown,MORRISON,44.25779424061260,-87.96371196723580
151,52485,Wenzel Hilltop Dairy LLC,POINT (-88.1130599965764 44.12061920969119),,Calumet,RANTOUL,44.12061920969120,-88.1130599965764
152,17165,Wolfgang Dairy LLC,POINT (-87.82919891603346 44.161366233060264),,Manitowoc,FRANKLIN,44.16136623306030,-87.82919891603350
153,16003,Zahns Farms LLC,POINT (-88.34310115871567 44.91305632242474),,Oconto,GILLETT,44.91305632242470,-88.34310115871570
154,47956,Ziegler Dairy Farms,POINT (-89.54234731123181 43.1299249651788),,Dane,SPRINGFIELD,43.1299249651788,-89.54234731123180
155,15647,Five Star Dairy LLC,POINT (-91.66373914438863 44.89409711067314),,Dunn,ELK MOUND,44.89409711067310,-91.66373914438860
156,52987,Haberli Farms Inc,POINT (-87.23093683177842 45.01249540472471),,Door,JACKSONPORT,45.01249540472470,-87.23093683177840
157,59527,Highway Dairy Farms LLC,POINT (-90.13019844097211 42.7352398651652),,Lafayette,WILLOW SPRINGS,42.7352398651652,-90.13019844097210
158,58387,Peterson's Dairy LLC,POINT (-88.07721708631824 44.98242534952634),,Oconto,LENA,44.98242534952630,-88.07721708631820
159,23547,"Pond Hill Dairy, LP",POINT (-88.8583540829562 42.87809896310786),,Jefferson,KOSHKONONG,42.87809896310790,-88.8583540829562
160,35019,Quonset Farms LLC,POINT (-87.84606086423335 43.64609114866908),,Sheboygan,LIMA,43.64609114866910,-87.84606086423340
161,46902,GOLDEN SANDS DAIRY LLC,POINT (-89.81802652426428 44.2799371332631),,Wood,SARATOGA,44.2799371332631,-89.81802652426430
162,73105,Plum Pride Holsteins LLC,POINT (-88.17442940378827 44.30321106414433),,Brown,WRIGHTSTOWN,44.30321106414430,-88.17442940378830
163,63430,GRASS RIDGE FARM LLC,POINT (-90.08368462525704 44.45821914456749),,Wood,WOOD,44.45821914456750,-90.08368462525700
164,50447,Ledgeview Farms LLC,POINT (-87.96849443065256 44.424095129532716),,Brown,LEDGEVIEW,44.42409512953270,-87.96849443065260
165,65129,Golden Ridge Dairy LLC,POINT (-87.9741965382869 45.14927202769314),,Marinette,BEAVER,45.14927202769310,-87.9741965382869
166,14352,Sunrise Dairy LLC,POINT (-88.41910802063829 45.00959827923462),,Oconto,HOW,45.00959827923460,-88.41910802063830
167,55630,CEDAR SPRINGS DAIRY,POINT (-87.67124288083195 44.274854260919),,Manitowoc,GIBSON,44.274854260919,-87.67124288083200
168,55207,KOCOUREK BROS PARTNERSHIP,POINT (-88.00661096957751 44.16111622296759),,Manitowoc,MAPLE GROVE,44.16111622296760,-88.00661096957750
169,41047,Blue Royal Valley Dairy,POINT (-87.77879820533421 44.057683542808284),,Manitowoc,NEWTON,44.057683542808300,-87.77879820533420
170,52058,Augustian Farms LLC,POINT (-87.55229069531684 44.36903858333987),,Kewaunee,CARLTON,44.36903858333990,-87.55229069531680
171,69027,Branch View Dairy LLC,POINT (-87.75573443356743 44.15437000637897),,Manitowoc,KOSSUTH,44.15437000637900,-87.75573443356740
172,33702,Owens Farms Inc,POINT (-92.23118061753536 45.7182240930049),,Polk,LORAIN,45.7182240930049,-92.23118061753540
173,11631,Ulrich Farms Inc,POINT (-92.5228066446248 45.34523871879057),,Polk,GARFIELD,45.34523871879060,-92.5228066446248
174,48557,Fendryk Brothers Partnership,POINT (-88.05721821097784 45.135785182851876),,Marinette,BEAVER,45.13578518285190,-88.05721821097780
175,15050,Matsche Farm Inc,POINT (-89.08637058444165 44.921161706992905),,Shawano,ALMON,44.921161706992900,-89.08637058444170
176,15052,Schmidts Ponderosa LLC,POINT (-88.42854153597197 44.70441828065086),,Shawano,HARTLAND,44.70441828065090,-88.42854153597200
177,12961,Minglewood Inc,POINT (-92.37476395328581 45.22022547978283),,Polk,BLACK BROOK,45.22022547978280,-92.3747639532858
178,74574,Paiser Family Dairy LLC,POINT (-88.71755564523373 44.84807656421779),,Shawano,RICHMOND,44.84807656421780,-88.71755564523370
179,13990,ARCAND POULTRY FARM Inc,POINT (-92.32715471195772 45.21899723716296),,Polk,BLACK BROOK,45.21899723716300,-92.32715471195770
180,51849,Friendshuh Farms LLC,POINT (-92.31850406278565 45.26630997732539),,Polk,BLACK BROOK,45.26630997732540,-92.31850406278560
181,31146,Legacy Farms LLC,POINT (-91.98197237954236 45.703214399761855),,Washburn,BARRONETT,45.703214399761900,-91.98197237954240
182,38535,Four Cubs Farm LLC,POINT (-92.62755684854555 45.76011937925756),,Burnett,WOOD RIVER,45.76011937925760,-92.62755684854560
183,53253,Goodrich Farms LLP,POINT (-92.36445635905748 45.13944517177639),,St. Croix,CYLON,45.13944517177640,-92.36445635905750
184,37674,Steven Brand,POINT (-92.42562065118572 44.729417607562254),,Pierce,ELLSWORTH,44.729417607562300,-92.42562065118570
185,18977,Fetzer Farms Inc,POINT (-92.25809586783785 44.69279554760664),,Pierce,EL PASO,44.69279554760660,-92.25809586783780
186,14136,Emerald Sky Dairy LLC,POINT (-92.30174072139785 45.07571993883502),,St. Croix,EMERALD,45.07571993883500,-92.30174072139780
187,44075,Luckwaldt Agriculture Inc,POINT (-92.27570057064199 44.976395759922944),,St. Croix,BALDWIN,44.976395759922900,-92.275700570642
188,29902,"Ridge Breeze Dairy, LLC",POINT (-92.26575038424998 44.678766837567515),,Pierce,SALEM,44.67876683756750,-92.26575038425000
189,12114,Albedarned Dairy LLC,POINT (-92.38715362948538 45.007784452022946),,St. Croix,HAMMOND,45.00778445202300,-92.38715362948540
190,29900,Weiss Family Farms Inc,POINT (-91.86574281995001 44.65517247755487),,Pepin,LIMA,44.65517247755490,-91.86574281995
191,10651,Jon De Dairy Inc,POINT (-92.38474717900063 44.90399627232487),,St. Croix,RUSH RIVER,44.90399627232490,-92.38474717900060
192,42435,Bomaz Farms,POINT (-92.46730745223466 44.92356645088676),,St. Croix,PLEASANT VALLEY,44.92356645088680,-92.46730745223470
193,41509,Marshland Acres Inc,POINT (-91.85612101974246 44.655331890606824),,Pepin,LIMA,44.65533189060680,-91.85612101974250
194,42439,Breezy Point Farms Inc,POINT (-91.9707146140951 44.50656814311416),,Buffalo,NELSON,44.50656814311420,-91.9707146140951
195,31399,Burnside Dairy Inc,POINT (-91.93265412709682 44.506579795386116),,Buffalo,NELSON,44.50657979538610,-91.93265412709680
196,11745,Rosenholm Dairy,POINT (-91.68500729856189 44.32829433101327),,Buffalo,WAUMANDEE,44.32829433101330,-91.68500729856190
197,58714,Traun Farms Inc,POINT (-91.8934697939925 44.517797390609374),,Buffalo,MAXVILLE,44.517797390609400,-91.8934697939925
198,55293,Woldt Farms LLC,POINT (-88.06113799446199 44.23616623157199),,Calumet,BRILLION,44.23616623157200,-88.06113799446200
199,15051,Kinnard Farms Inc,POINT (-87.62552808063033 44.622751528726695),,Kewaunee,LINCOLN,44.622751528726700,-87.62552808063030
200,19043,Stahl Bros Dairy LLC,POINT (-87.73625974007732 44.5976680339798),,Kewaunee,RED RIVER,44.5976680339798,-87.73625974007730
201,68718,Buresh Farms,POINT (-87.7627972248053 44.445056454150425),,Kewaunee,MONTPELIER,44.445056454150400,-87.7627972248053
202,14141,"Pagels Ponderosa Dairy, LLC",POINT (-87.60164536822171 44.50123749895217),,Kewaunee,WEST KEWAUNEE,44.50123749895220,-87.60164536822170
203,50983,Alfalawn Farms LLC,POINT (-92.02022619894423 44.777725696494414),,Dunn,WESTON,44.777725696494400,-92.02022619894420
204,36279,Blaken Farms LLC,POINT (-91.01596367257162 44.145701213739834),,Jackson,MELROSE,44.14570121373980,-91.01596367257160
205,16677,Heller Farm Inc,POINT (-90.93844132635442 44.435377175946506),,Jackson,GARDEN VALLEY,44.435377175946500,-90.93844132635440
206,52160,Jerome J Laufenberg Inc,POINT (-90.91497470539235 44.41770376994284),,Jackson,ALMA,44.41770376994280,-90.91497470539240
207,42446,Pfaff Prairie Farms,POINT (-90.99269981077865 44.116293350925424),,Jackson,MELROSE,44.116293350925400,-90.99269981077870
208,37675,Arctic View Farms,POINT (-91.35992702352382 44.09045669708921),,Trempealeau,GALE,44.09045669708920,-91.35992702352380
209,14145,Country Aire Farms LLC,POINT (-88.10772371830265 44.28395440005754),,Brown,HOLLAND,44.28395440005750,-88.10772371830270
210,48443,Maliszewski Dairy LLC,POINT (-91.46273711426136 44.306789786125954),,Trempealeau,ARCADIA,44.306789786126000,-91.46273711426140
211,29864,Van Ryn Dairy,POINT (-91.2345406355349 44.46656499271685),,Trempealeau,HALE,44.46656499271690,-91.2345406355349
212,41973,Brickstead Dairy LLC,POINT (-88.0882034485005 44.25444092675748),,Brown,HOLLAND,44.25444092675750,-88.0882034485005
213,47071,Kane Family Farm,POINT (-87.90878311160856 44.314094245220346),,Brown,MORRISON,44.314094245220300,-87.90878311160860
214,41972,Zirbel Dairy Farms LLC,POINT (-87.98794567896391 44.352424651002984),,Brown,GLENMORE,44.35242465100300,-87.98794567896390
215,44098,Allen VandeHei,POINT (-88.26525782122782 44.53682222030888),,Outagamie,SEYMOUR,44.53682222030890,-88.26525782122780
216,28767,Ranovael Dairy,POINT (-88.18937164904372 44.43468787408891),,Brown,Hobart,44.43468787408890,-88.18937164904370
217,40623,United Meadows Dairy LLC,POINT (-88.19057433807818 44.33989014408326),,Brown,WRIGHTSTOWN,44.33989014408330,-88.19057433807820
218,50547,Seven Oaks Dairy LLC,POINT (-88.19892510847227 44.31309010145363),,Outagamie,BUCHANAN,44.31309010145360,-88.19892510847230
219,44097,Landl Farms LLC,POINT (-88.21316302930042 44.282598622374906),,Outagamie,BUCHANAN,44.282598622374900,-88.21316302930040
220,11961,Wiese Brothers Farms,POINT (-88.1056388486635 44.29700623367612),,Brown,HOLLAND,44.29700623367610,-88.1056388486635
221,48191,Egan Bros Partnership,POINT (-88.79577394630114 44.4478190565271),,Waupaca,LEBANON,44.4478190565271,-88.79577394630110
222,23883,Quantum Dairy LLC,POINT (-88.95512166216132 44.295163714130155),,Waupaca,WEYAUWEGA,44.29516371413020,-88.95512166216130
223,12966,Cross Farms LLC,POINT (-88.651487720878 44.14651728323196),,Winnebago,WINNECONNE,44.14651728323200,-88.651487720878
224,17164,B&D Dairy Farm LLC,POINT (-87.9611498637224 45.12017517654746),,Marinette,BEAVER,45.12017517654750,-87.9611498637224
225,46923,Grand View Dairy Farm Inc,POINT (-88.20808949437703 44.22881653402019),,Calumet,WOODVILLE,44.22881653402020,-88.20808949437700
226,75120,Wagner Farms Inc,POINT (-88.29658262587857 44.83895247429794),,Shawano,GREEN VALLEY,44.83895247429790,-88.29658262587860
227,52788,DENMAR ACRES LLC,POINT (-88.00758440191025 44.32907359090495),,Brown,GLENMORE,44.32907359090500,-88.00758440191030
228,66543,Brooks Farms Dairy LLC,POINT (-89.04860495703343 44.30417614414233),,Waupaca,LIND,44.30417614414230,-89.04860495703340
229,14768,Da Ran Dairy LLC,POINT (-87.76337356505603 44.51392698594045),,Kewaunee,LUXEMBURG,44.51392698594050,-87.76337356505600
230,73561,Greenleaf Leadge Dairy LLC,POINT (-88.07333187420524 44.312676786271496),,Brown,WRIGHTSTOWN,44.312676786271500,-88.07333187420520
231,36343,Seidls Mountain View Dairy LLC,POINT (-87.73103390536647 44.52084549048743),,Kewaunee,LUXEMBURG,44.52084549048740,-87.73103390536650
232,21283,3 D Dairy LLC,POINT (-88.2929757382616 43.835609821127235),,Fond du Lac,TAYCHEEDAH,43.83560982112720,-88.2929757382616
233,57326,Anatevka Dairy,POINT (-87.80662860257209 43.638487346243025),,Sheboygan,LIMA,43.63848734624300,-87.80662860257210
234,43342,"Beck Dairy Farm, LLC",POINT (-88.31264653993446 43.526490714783534),,Washington,WAYNE,43.526490714783500,-88.31264653993450
235,17074,Double S Dairy,POINT (-88.86317137438655 43.66766579926735),,Fond du Lac,ALTO,43.66766579926740,-88.86317137438660
236,38096,Drake Dairy Inc,POINT (-88.07836298277178 43.860983007204474),,Sheboygan,RUSSELL,43.86098300720450,-88.07836298277180
237,43546,Goeser Dairy LLC,POINT (-88.0601800878842 43.72348877715152),,Sheboygan,GREENBUSH,43.72348877715150,-88.0601800878842
238,43442,Golden E Dairy LLC,POINT (-88.08915424763177 43.48883757447819),,Washington,FARMINGTON,43.48883757447820,-88.08915424763180
239,32514,"Hanke Farms, Inc.",POINT (-87.92348587643441 43.772069292614866),,Sheboygan,PLYMOUTH,43.77206929261490,-87.92348587643440
240,43461,Hickory Lawn Dairy Farm,POINT (-88.06763922268334 43.64736198514375),,Sheboygan,MITCHELL,43.64736198514380,-88.06763922268330
241,32507,HIGHLAND CROSSING DAIRY LLC,POINT (-87.8558253507099 43.8047166313393),,Sheboygan,SHEBOYGAN FALLS,43.8047166313393,-87.8558253507099
242,43257,J C Maurer & Sons Inc.,POINT (-88.07611876760927 43.87125845429771),,Sheboygan,RUSSELL,43.87125845429770,-88.07611876760930
243,5113,Kettle Moraine Egg Ranch LLC,POINT (-88.14840165684457 43.52620520093919),,Washington,FARMINGTON,43.52620520093920,-88.14840165684460
244,24094,Lake Breeze Dairy LLC,POINT (-88.29133824951137 43.910187160794344),,Fond du Lac,CALUMET,43.91018716079430,-88.29133824951140
245,44750,Lisowe Acres LLC,POINT (-88.22206520282946 43.93111502183058),,Fond du Lac,CALUMET,43.93111502183060,-88.22206520282950
246,45279,Majestic Meadows Dairy LLC,POINT (-87.84261682589229 43.75379676767402),,Sheboygan,SHEBOYGAN FALLS,43.75379676767400,-87.84261682589230
247,5240,Maple Leaf Farms Downy Duck Farm,POINT (-88.14001476195075 42.74409966087947),,Racine,DOVER,42.74409966087950,-88.14001476195080
248,26937,Murph Ko Farms Inc,POINT (-88.399165134737 43.684823384137886),,Fond du Lac,EDEN,43.684823384137900,-88.399165134737
249,25225,Opitz Dairy Farm,POINT (-87.9831040804092 43.4270102373754),,Ozaukee,SAUKVILLE,43.4270102373754,-87.9831040804092
250,52255,Paulus Dairy,POINT (-87.92546707821249 43.45707165942887),,Ozaukee,FREDONIA,43.45707165942890,-87.92546707821250
251,39994,Rickert Bros LLC,POINT (-88.61811550870537 43.864529236762394),,Fond du Lac,ELDORADO,43.8645292367624,-88.61811550870540
252,17116,Rockland Dairy Inc,POINT (-87.93029900084662 43.571984910271816),,Sheboygan,SHERMAN,43.571984910271800,-87.93029900084660
253,39790,Rosendale Dairy LLC,POINT (-88.71755379089241 43.869286449012584),,Fond du Lac,ROSENDALE,43.86928644901260,-88.71755379089240
254,42017,Ruedinger Farms Inc,POINT (-88.51930611893711 43.86268984953417),,Fond du Lac,FRIENDSHIP,43.86268984953420,-88.51930611893710
255,30652,Second Look Holsteins LLC,POINT (-88.27248278417947 43.67966674205455),,Fond du Lac,OSCEOLA,43.67966674205460,-88.27248278417950
256,46783,Snudden Farms LLC,POINT (-88.48007484326659 42.517813579314435),,Walworth,LINN,42.51781357931440,-88.48007484326660
257,11743,Sunset Farms Inc,POINT (-88.36504911801926 43.41725283667078),,Washington,ADDISON,43.41725283667080,-88.36504911801930
258,25281,Vir Clar Farms LLC,POINT (-88.39806447148224 43.72411367876156),,Fond du Lac,EMPIRE,43.72411367876160,-88.39806447148220
259,52453,Zinke Dairy Farms LLC,POINT (-88.47463949774185 43.64064579587243),,Fond du Lac,BYRON,43.64064579587240,-88.47463949774190
260,64043,J&J Pickert Farms,POINT (-88.27752053207907 43.879055722475435),,Fond du Lac,MARSHFIELD,43.87905572247540,-88.27752053207910
261,51654,Katzman Farms Inc Hebron,POINT (-88.69538278385795 42.914319377640176),,Jefferson,HEBRON,42.914319377640200,-88.69538278385800
262,44084,Katzman Farms Inc,POINT (-88.63973828069088 42.79402861853351),,Walworth,LA GRANGE,42.79402861853350,-88.63973828069090
263,5282,S AND R EGG FARMS INC LA GRANGE TN,POINT (-88.33913526410909 42.958287626552334),,Waukesha,GENESEE,42.958287626552300,-88.33913526410910
264,5282,S AND R EGG FARMS INC LA GRANGE TN,POINT (-88.64564905667618 42.882571958958366),,Jefferson,PALMYRA,42.882571958958400,-88.64564905667620
265,5282,S AND R EGG FARMS INC LA GRANGE TN,POINT (-88.57396799391034 42.83371097219694),,Walworth,LA GRANGE,42.83371097219690,-88.57396799391030
266,52974,Krentz Family Dairy Inc.,POINT (-88.89326052844632 44.04707921433167),,Waushara,AURORA,44.04707921433170,-88.89326052844630
267,17040,Schneider Farms Inc,POINT (-88.18639138945768 44.12297402030005),,Calumet,WOODVILLE,44.12297402030010,-88.18639138945770
268,38479,Roth Feeder Pig Inc,POINT (-90.8138814409198 43.10749390722892),,Crawford,WAUZEKA,43.10749390722890,-90.8138814409198
269,48716,North Side Genetics LLC,POINT (-90.60995026574267 43.00402080103361),,Grant,FENNIMORE,43.00402080103360,-90.60995026574270
270,16454,Holsum Dairies LLC,POINT (-88.14775715564191 44.09616475166159),,Calumet,RANTOUL,44.09616475166160,-88.14775715564190
271,10652,Maize N Bacon Inc,POINT (-89.78713695175074 43.26313864589441),,Sauk,PRAIRIE DU SAC,43.26313864589440,-89.78713695175070
272,11546,W C C Flats Inc,POINT (-89.77838813072947 43.26322796430295),,Sauk,PRAIRIE DU SAC,43.26322796430300,-89.77838813072950
273,10677,Blue Star Dairy Farms DeForest,POINT (-89.41949438584501 43.268406964899036),,Dane,VIENNA,43.26840696489900,-89.41949438584500
274,52271,Blakes Point RE LLC,POINT (-90.92828689179393 42.84513785602484),,Grant,BEETOWN,42.84513785602480,-90.92828689179390
275,42730,Rohan Dairy Farms LLC,POINT (-88.73571221402237 44.522531200536726),,Outagamie,DEER CREEK,44.522531200536700,-88.73571221402240
276,17075,Sugar Creek Farm LLC,POINT (-88.72353527707313 44.486311526977474),,Outagamie,MAPLE CREEK,44.486311526977500,-88.72353527707310
277,18110,Slowey Farms LLC,POINT (-89.56078543146945 43.83618537975332),,Marquette,WESTFIELD,43.83618537975330,-89.56078543146950
278,14144,Friendship Valley Dairy LLC,POINT (-88.78893159862602 44.59545432816778),,Waupaca,LARRABEE,44.59545432816780,-88.78893159862600
279,26939,Thistle Dairy LLC,POINT (-88.54886950047833 43.89584525317504),,Winnebago,NEKIMI,43.89584525317500,-88.54886950047830
280,38893,Roche Farms Inc,POINT (-88.91018551101013 43.31846782629607),,Dodge,ELBA,43.31846782629610,-88.91018551101010
281,39995,Hilltop Dairy LLC,POINT (-88.90797618948807 43.644831869813935),,Green Lake,MACKFORD,43.644831869813900,-88.90797618948810
282,24731,Blue Star Dairy Farms Arlington,POINT (-89.42934326588593 43.32577625221892),,Columbia,ARLINGTON,43.32577625221890,-89.42934326588590
283,25278,Hillsprairie Dairy LLC,POINT (-90.3489120464982 43.69596542935231),,Vernon,HILLSBORO,43.69596542935230,-90.3489120464982
284,53541,Rivers Edge Dairy LLC,POINT (-88.1517902449693 44.05737932552044),,Calumet,CHILTON,44.05737932552040,-88.1517902449693
285,38853,UW Arlington Agricultural Research Station,POINT (-89.34655986924373 43.30299643832193),,Columbia,LEEDS,43.30299643832190,-89.34655986924370
286,36533,Dallmann East River Dairy LLC,POINT (-88.05077396014696 44.1074209876687),,Calumet,RANTOUL,44.1074209876687,-88.05077396014700
287,35351,Pride View Dairy LLC,POINT (-89.00438571277007 43.63404797562653),,Green Lake,MACKFORD,43.63404797562650,-89.00438571277010
288,43612,Prairieland Dairy LLC,POINT (-89.52076931409472 42.87811734197292),,Dane,MONTROSE,42.87811734197290,-89.52076931409470
289,41685,Birlings Bovines LLC,POINT (-88.4177102735089 44.53389563411167),,Outagamie,CICERO,44.53389563411170,-88.4177102735089
290,13505,Majestic View Dairy LLC,POINT (-90.69555020565723 42.86557168161157),,Grant,NORTH LANCASTER,42.86557168161160,-90.69555020565720
291,11960,Wild Rose Dairy LLC,POINT (-90.68956408696229 43.6243085755827),,Vernon,WEBSTER,43.6243085755827,-90.68956408696230
292,46287,Pine Breeze Dairy LLC,POINT (-88.97049225400052 44.17153298333655),,Waushara,BLOOMFIELD,44.17153298333660,-88.97049225400050
293,30203,Mlsna East Town Dairy,POINT (-90.74905041975067 43.726446383428964),,Monroe,JEFFERSON,43.72644638342900,-90.74905041975070
294,10654,Siemers Holstein Farm Inc,POINT (-87.86811001638877 43.92404843225795),,Manitowoc,MEEME,43.92404843225800,-87.86811001638880
295,33003,High View LLC,POINT (-90.4812757199862 43.273038693669584),,Richland,EAGLE,43.273038693669600,-90.4812757199862
296,37747,Deer Run Dairy LLC,POINT (-87.66769314202786 44.369768622344836),,Kewaunee,FRANKLIN,44.36976862234480,-87.66769314202790
297,51853,Sandway Farms LLC,POINT (-87.69801781545804 44.34086895544898),,Kewaunee,FRANKLIN,44.34086895544900,-87.69801781545800
298,25279,MDS Dairy Inc,POINT (-90.80658397837234 43.86334561585742),,Monroe,LEON,43.86334561585740,-90.80658397837230
299,9721,Wagner Dairy Farm,POINT (-89.55019297969818 43.126586310285475),,Dane,SPRINGFIELD,43.12658631028550,-89.55019297969820
300,48091,Clarks Mills Dairy Farm LLP,POINT (-87.87314038171075 44.09158759008105),,Manitowoc,CATO,44.09158759008110,-87.87314038171080
301,50964,Lehmann Farms LLC,POINT (-91.07818209154257 43.60855552592826),,Vernon,HARMONY,43.60855552592830,-91.07818209154260
302,24241,Ripps Dairy Valley LLC,POINT (-89.48464792451155 43.21859101830065),,Dane,DANE,43.21859101830070,-89.48464792451160
303,40106,White Gold Dairy LLC,POINT (-89.47778490100633 43.21328378596754),,Dane,VIENNA,43.21328378596750,-89.47778490100630
304,52291,Manthe Grain Farms LLC,POINT (-89.29338654752459 43.250363741676026),,Dane,Windsor,43.250363741676000,-89.29338654752460
305,40048,Maunesha River Dairy,POINT (-89.1435242848129 43.221576530062706),,Dane,BRISTOL,43.22157653006270,-89.1435242848129
306,41471,Jim Herman Inc,POINT (-89.04207030047927 43.18756755272018),,Dane,MEDINA,43.18756755272020,-89.04207030047930
307,7089,STATZ BROTHERS INC,POINT (-89.16422472599803 43.18227252153016),,Dane,SUN PRAIRIE,43.18227252153020,-89.16422472599800
308,48603,North Star Acres/Jeff Potter,POINT (-91.21514051919127 45.6265555399958),,Rusk,MURRY,45.6265555399958,-91.21514051919130
309,23551,Schairer Farms,POINT (-89.25897942326986 44.937818315589254),,Marathon,NORRIE,44.93781831558930,-89.25897942326990
310,65428,Fustead Holsteins,POINT (-89.46908877626831 44.944166768922614),,Marathon,RINGLE,44.94416676892260,-89.46908877626830
311,21104,JENNIE O TURKEY STORE INC - Research,POINT (-91.83013790158157 45.38444978841411),,Barron,BARRON,45.38444978841410,-91.83013790158160
312,5098,Daybreak Foods Creekwood Cage Free,POINT (-88.94610870038176 43.04302371648889),,Jefferson,LAKE MILLS,43.04302371648890,-88.94610870038180
313,42347,"Deans Eggs dba Nature Link Farms, LLC",POINT (-88.88459790784948 43.038645056945434),,Jefferson,AZTALAN,43.03864505694540,-88.88459790784950
314,16177,Rosy Lane Holsteins LLC,POINT (-88.72209469010117 43.13621392941663),,Jefferson,WATERTOWN,43.13621392941660,-88.72209469010120
315,39217,Tag Lane Dairy Farm,POINT (-88.5734289021651 43.169296738943565),,Jefferson,IXONIA,43.169296738943600,-88.5734289021651
316,21104,JENNIE O TURKEY STORE INC - BARCO,POINT (-91.77316325123878 45.45360218712636),,Barron,STANLEY,45.45360218712640,-91.77316325123880
317,21104,JENNIE O TURKEY STORE INC - BEAVER,POINT (-91.56437916531205 45.274124174349375),,Barron,DOVRE,45.274124174349400,-91.56437916531200
318,21104,JENNIE O TURKEY STORE INC - BLACK,POINT (-91.49763214318861 45.251738174884),,Chippewa,SAMPSON,45.251738174884,-91.4976321431886
319,21104,JENNIE O TURKEY STORE INC - CHIPPEWA,POINT (-91.66326518070815 45.17131415215485),,Chippewa,AUBURN,45.17131415215490,-91.66326518070820
320,11956,Calamity Knoll Farm,POINT (-88.91292032706578 42.53523772059772),,Rock,TURTLE,42.53523772059770,-88.91292032706580
321,14140,Larson Acres Inc,POINT (-89.36391021968241 42.73962114237831),,Rock,MAGNOLIA,42.73962114237830,-89.36391021968240
322,5097,Back Road Beef LLC,POINT (-88.87823321066995 42.8508943709946),,Jefferson,KOSHKONONG,42.8508943709946,-88.87823321067000
323,54356,"Pinnacle Dairy, LLC",POINT (-89.48864724048751 42.65927264234966),,Green,SYLVESTER,42.65927264234970,-89.48864724048750
324,21104,JENNIE O TURKEY STORE INC - CROWN,POINT (-91.80804225853736 45.43296818136089),,Barron,BARRON,45.43296818136090,-91.80804225853740
325,21104,JENNIE O TURKEY STORE INC - CRYSTAL LAKE,POINT (-92.03455833184793 45.48429617424937),,Barron,CRYSTAL LAKE,45.48429617424940,-92.03455833184790
326,21104,JENNIE O TURKEY STORE INC - DOVRE,POINT (-91.55817316181339 45.26031117253263),,Barron,DOVRE,45.26031117253260,-91.5581731618134
327,21104,JENNIE O TURKEY STORE INC - EVERGREEN,POINT (-91.8570482237755 45.0623781225082),,Dunn,OTTER CREEK,45.0623781225082,-91.8570482237755
328,21104,JENNIE O TURKEY STORE INC - GATEWAY,POINT (-91.67141521525801 45.41063918758792),,Barron,STANLEY,45.41063918758790,-91.671415215258
329,21104,JENNIE O TURKEY STORE INC - NEW RICHMOND,POINT (-92.56288643401236 45.09551208045297),,St. Croix,RICHMOND,45.09551208045300,-92.56288643401240
330,21104,JENNIE O TURKEY STORE INC - NORTHLAND,POINT (-91.69502521555798 45.35642617732033),,Barron,PRAIRIE LAKE,45.35642617732030,-91.69502521555800
331,21104,JENNIE O TURKEY STORE INC - NORTHWEST,POINT (-91.88886128419192 45.44392817792279),,Barron,BARRON,45.44392817792280,-91.88886128419190
332,21104,JENNIE O TURKEY STORE INC - OWEN,POINT (-91.92453925223236 45.128231128116774),,Dunn,SHERIDAN,45.12823112811680,-91.92453925223240
333,21104,JENNIE O TURKEY STORE INC - STANLEY,POINT (-91.75711024403897 45.43592918488167),,Barron,STANLEY,45.43592918488170,-91.75711024403900
334,21104,JENNIE O TURKEY STORE INC - TWIN OAKS,POINT (-91.97466029955864 45.37609916169046),,Barron,ARLAND,45.37609916169050,-91.97466029955860
335,19420,Elusive Hill Dairy LLC,POINT (-90.43730276611859 44.6902798540368),,Clark,LOYAL,44.6902798540368,-90.4373027661186
336,12960,Van Der Geest Dairy Cattle Inc,POINT (-89.70137312860341 45.048394559184864),,Marathon,Maine,45.048394559184900,-89.70137312860340
337,19419,Double P Dairy LLC,POINT (-89.88299265418915 45.045890529357465),,Marathon,HAMBURG,45.045890529357500,-89.88299265418920
338,23552,Kingdom Haven Farm Inc,POINT (-89.95962637520847 44.899502562657794),,Marathon,CASSEL,44.899502562657800,-89.95962637520850
339,52060,Night Hawk Dairy LLC,POINT (-90.07770345835044 44.771967541774416),,Marathon,DAY,44.771967541774400,-90.07770345835040
340,41909,Destiny Farms LLC,POINT (-90.23733965979518 44.59113075674565),,Wood,ROCK,44.59113075674570,-90.23733965979520
341,55528,Pasanen Farms LLC,POINT (-91.15936510146328 45.68939926308252),,Sawyer,MEADOWBROOK,45.68939926308250,-91.15936510146330
342,48738,Schmitz Family Farm Enterprises,POINT (-91.28016711035073 45.489625224886375),,Rusk,ATLANTA,45.489625224886400,-91.28016711035070
343,43500,Blue Royal Farms Inc,POINT (-87.88184250107162 44.114102624906856),,Manitowoc,CATO,44.114102624906900,-87.88184250107160
344,31891,Soaring Eagle Dairy,POINT (-87.80240685185895 43.97753261422524),,Manitowoc,MEEME,43.97753261422520,-87.80240685185900
345,21912,Ebert Dairy Enterprises LLC,POINT (-87.50309758040301 44.57709186174903),,Kewaunee,PIERCE,44.57709186174900,-87.50309758040300
346,40703,Heims Hillcrest Dairy LLC,POINT (-87.5809483252495 44.54512697230111),,Kewaunee,CASCO,44.54512697230110,-87.5809483252495
347,16012,"Robinway Dairy, LLC",POINT (-87.91793354153609 43.962814168206705),,Manitowoc,MEEME,43.96281416820670,-87.91793354153610
348,36484,Wakker Dairy Farm Inc,POINT (-87.54108736248486 44.409424307887),,Kewaunee,CARLTON,44.409424307887,-87.54108736248490
349,77203,Triple F Dairy,POINT (-87.93371745202003 44.15852802636883),,Manitowoc,MAPLE GROVE,44.15852802636880,-87.93371745202000
350,81110,Evergreen Dairy Resort LLC,POINT (-89.05186832582709 45.04077865064815),,Langlade,NORWOOD,45.04077865064820,-89.05186832582710
351,81255,Valley Line Dairy LLC,POINT (-88.20855648384637 44.93405368941389),,Oconto,OCONTO FALLS,44.93405368941390,-88.20855648384640
352,70412,Draves Dairy,POINT (-90.36944881146928 43.10700140242979),,Iowa,HIGHLAND,43.10700140242980,-90.36944881146930
353,76656,Nel Farm Inc,POINT (-88.60120016633617 42.673615246596924),,Walworth,SUGAR CREEK,42.67361524659690,-88.60120016633620
354,74604,Valley Vu Farms LLC,POINT (-91.9161086049316 45.51092725648232),,Barron,CUMBERLAND,45.51092725648230,-91.9161086049316
355,65256,Brandner Dairy LLC,POINT (-90.2109752783191 45.154866873895486),,Taylor,BROWNING,45.154866873895500,-90.2109752783191
356,74338,Rahm Dairy LLC,POINT (-90.29042628508802 44.91774172135275),,Marathon,HULL,44.91774172135280,-90.29042628508800
357,14767,,POINT (-87.80816095272161 44.53672829478903),Dairyland Farm LLC - Home Farm,Brown,GREEN BAY,44.53672829478900,-87.80816095272160
358,48443,,POINT (-91.46283821207038 44.313990707473465),Maliszewski Dairy LLC-Slaby Farm,Trempealeau,ARCADIA,44.313990707473500,-91.46283821207040
359,50447,,POINT (-87.96474219341106 44.43336721180986),LedgeViewFarms LLC-Heifer Farm,Brown,LEDGEVIEW,44.43336721180990,-87.96474219341110
360,42383,,POINT (-91.42978504225718 44.63281750151319),Sequins Valley View Acres LLC-Heifer Farm,Eau Claire,PLEASANT VALLEY,44.63281750151320,-91.42978504225720
361,14352,,POINT (-88.41568820086407 44.993940154253224),Sunrise Dairy - Dan's Farm,Oconto,HOW,44.99394015425320,-88.41568820086410
362,15244,,POINT (-88.34102700088704 44.61742630665698),Green Valley Dairy - Sponenburg Pit,Shawano,MAPLE GROVE,44.61742630665700,-88.34102700088700
363,15244,,POINT (-88.19601371752353 44.813224077520246),Green Valley Dairy-Garbrecht Pit,Oconto,MORGAN,44.813224077520200,-88.19601371752350
364,14352,,POINT (-88.44516972915625 44.99443593532218),Sunrise Dairy - Dad's Farm,Oconto,HOW,44.99443593532220,-88.44516972915630
365,15244,,POINT (-88.16839313838825 44.59773860548611),Green Valley Dairy - Tauscher Pit,Brown,PITTSFIELD,44.59773860548610,-88.16839313838830
366,21912,,POINT (-87.48481287718771 44.61660099873197),Ebert Enterprises LLC-S Farm,Kewaunee,AHNAPEE,44.61660099873200,-87.48481287718770
367,10203,,POINT (-87.78869382543898 43.99482363532183),Grotegut Dairy - West Farm,Manitowoc,NEWTON,43.99482363532180,-87.78869382543900
368,52487,,POINT (-87.76313969640215 43.942555557269515),Orthland Dairy Farm - Jaeger Farm,Manitowoc,CENTERVILLE,43.94255555726950,-87.76313969640220
369,48036,,POINT (-87.91040155705637 44.01628502147612),Johnson Hill Farm - Koenig Farm,Manitowoc,LIBERTY,44.01628502147610,-87.91040155705640
370,17164,,POINT (-87.9277327254345 44.946922353004005),B&D Dairy - Little River WSF,Oconto,LITTLE RIVER,44.946922353004000,-87.9277327254345
371,55207,,POINT (-88.02575194204366 44.151471576233995),Kocourek Bros - Christel Farm,Manitowoc,ROCKLAND,44.151471576234,-88.02575194204370
372,62806,,POINT (-87.85140227854575 44.046857204365985),Otto Farms - Fischer Farm,Manitowoc,LIBERTY,44.04685720436600,-87.85140227854580
373,55207,,POINT (-88.01706974010656 44.182037820161625),Kocourek Bros - Eddie's Farm,Manitowoc,MAPLE GROVE,44.182037820161600,-88.01706974010660
374,31146,,POINT (-91.97910382607242 45.68887416771691),Legacy Farms LLC-Calf Site,Washburn,BARRONETT,45.68887416771690,-91.97910382607240
375,55207,,POINT (-88.02567873430793 44.163004432425666),Kocourek Bros - Micke Dairy,Manitowoc,MAPLE GROVE,44.16300443242570,-88.02567873430790
376,10654,,POINT (-87.87960841288351 43.86027930440324),Siemers Holstein Farm - WKK Farm,Sheboygan,HERMAN,43.86027930440320,-87.87960841288350
377,10653,,POINT (-87.76593239608759 43.951743807781554),Maple Leaf Dairy - West Farm,Manitowoc,CENTERVILLE,43.951743807781600,-87.76593239608760
378,33702,,POINT (-92.22052411982725 45.71821310993843),Owens Farms Inc-Roger's Farm,Polk,LORAIN,45.71821310993840,-92.22052411982730
379,10653,,POINT (-87.78353655193337 43.96266976766557),Maple Leaf Dairy - Kratch (K&K) Farm,Manitowoc,CENTERVILLE,43.96266976766560,-87.78353655193340
380,58859,,POINT (-88.04578567667764 44.16837560478354),Sunny Slope Dairy - Heifer Farm,Calumet,BRILLION,44.16837560478350,-88.04578567667760
381,10653,,POINT (-87.73354459659446 43.95136326575005),Maple Leaf Dairy - Koenig Farm,Manitowoc,CENTERVILLE,43.95136326575010,-87.73354459659450
382,42435,,POINT (-92.47458289171544 44.93389605937523),Bomaz Farms-Heifer Site,St. Croix,PLEASANT VALLEY,44.93389605937520,-92.47458289171540
383,10653,,POINT (-87.73064473143648 43.957184109693785),Maple Leaf Dairy - Milton Farm,Manitowoc,CENTERVILLE,43.957184109693800,-87.73064473143650
384,43644,,POINT (-87.73339609694085 44.1645414019782),Twin Cities Vue Dairy - Dworak Farm,Manitowoc,KOSSUTH,44.1645414019782,-87.73339609694090
385,10653,,POINT (-87.8533144939152 43.96350341587448),Maple Leaf Dairy - Ketelhohn Farm,Manitowoc,MEEME,43.96350341587450,-87.8533144939152
386,51849,,POINT (-92.30260727538767 45.25406481202338),Friendshuh Farms Inc-Heifer Site,Polk,BLACK BROOK,45.25406481202340,-92.30260727538770
387,17165,,POINT (-87.7707209040188 44.194716212930444),Wolfgang Dairy - Thunder Site,Manitowoc,KOSSUTH,44.194716212930400,-87.7707209040188
388,33702,,POINT (-92.22051330953393 45.720256653160334),Owens Farms Inc-Wilfred's Farm,Polk,LORAIN,45.720256653160300,-92.22051330953390
389,17165,,POINT (-87.86305408189979 44.21460195181352),Wolfgang Dairy - Taus Site,Manitowoc,FRANKLIN,44.21460195181350,-87.86305408189980
390,31146,,POINT (-91.97138204682057 45.70730552552773),Legacy Farms LLC-North Woodyard Site,Washburn,BARRONETT,45.70730552552770,-91.97138204682060
391,17165,,POINT (-87.84085002224752 44.13316677555152),Wolfgang Dairy - Shop Site,Manitowoc,CATO,44.13316677555150,-87.84085002224750
392,37673,,POINT (-91.72452190540385 44.452623991782524),Mar Bec Dairy LLC-Heifer Site,Buffalo,GILMANTON,44.45262399178250,-91.72452190540380
393,17165,,POINT (-87.88490452202896 44.18150475083827),Wolfgang Dairy - Mangin Site,Manitowoc,FRANKLIN,44.18150475083830,-87.88490452202900
394,29902,,POINT (-92.25824710195279 44.678575244837795),"Ridge Breeze Dairy, LLC-Heifer Farm",Pierce,SALEM,44.6785752448378,-92.2582471019528
395,15051,,POINT (-87.63421771066558 44.61538921718464),Kinnard Farms Inc-Site One,Kewaunee,LINCOLN,44.61538921718460,-87.63421771066560
396,40703,,POINT (-87.58226186399419 44.52685302312904),Heim's Hillcrest Dairy-Heifer Site,Kewaunee,CASCO,44.52685302312900,-87.58226186399420
397,11745,,POINT (-91.68274647689402 44.331141976667915),Rosenholm Dairy-Composting Site,Buffalo,WAUMANDEE,44.33114197666790,-91.68274647689400
398,14141,,POINT (-87.57537520473173 44.51768398100851),Pagel's Ponderosa Dairy-Clyde Hill Farm,Kewaunee,CASCO,44.51768398100850,-87.57537520473170
399,19043,,POINT (-87.7324741895062 44.59575256421574),Stahl Bros Dairy LLC-Home East,Kewaunee,RED RIVER,44.59575256421570,-87.7324741895062
400,11745,,POINT (-91.68267618947587 44.334480958298315),Rosenholm Dairy-Shop Lot,Buffalo,MONTANA,44.33448095829830,-91.68267618947590
401,36343,,POINT (-87.73342764210646 44.51564018803494),Seidl's Mountainview Dairy-Home Farm,Kewaunee,LUXEMBURG,44.51564018803490,-87.73342764210650
402,11745,,POINT (-91.69213806688886 44.33914134001293),Rosenholm Dairy-Brad's Farm,Buffalo,MONTANA,44.33914134001290,-91.69213806688890
403,15050,,POINT (-89.06928898413038 44.92013606223359),Matsche Farms - Pingel Farm,Shawano,ALMON,44.92013606223360,-89.06928898413040
404,15050,,POINT (-89.09879786825753 44.92100868955093),Matsche Farms - Home Farm,Shawano,ALMON,44.92100868955090,-89.09879786825750
405,48215,,POINT (-88.7112122879288 44.82390544886754),Krueger Dairy - Riverside Dairy,Shawano,RICHMOND,44.82390544886750,-88.7112122879288
406,15052,,POINT (-88.42268300215461 44.696950761984766),Schmidts Ponderosa - Bunker Site,Shawano,HARTLAND,44.696950761984800,-88.42268300215460
407,15052,,POINT (-88.43307165844516 44.700040648735914),Schmidts Ponderosa - Home Farm,Shawano,HARTLAND,44.70004064873590,-88.43307165844520
408,36047,,POINT (-88.21968387017847 44.97744965564094),OHarrow Family Farm - Spruce Farm,Oconto,SPRUCE,44.97744965564090,-88.21968387017850
409,58387,,POINT (-88.11468751977466 44.98244104288326),Peterson Dairy - Heifer Farm,Oconto,LENA,44.98244104288330,-88.11468751977470
410,48557,,POINT (-88.10357807177063 45.14011301011856),Fendryk Brothers - Rymer Farm,Marinette,BEAVER,45.14011301011860,-88.10357807177060
411,36484,,POINT (-87.56389246673201 44.38466779416326),Wakker Dairy Farm-Pahplam Farm,Kewaunee,CARLTON,44.38466779416330,-87.56389246673200
412,19043,,POINT (-87.74172632093556 44.58850146345712),Stahl Bros Dairy LLC-Off-Site Facility,Kewaunee,LUXEMBURG,44.58850146345710,-87.74172632093560
413,11745,,POINT (-91.70103852282999 44.327421452608675),Rosenholm Dairy-Loren's Farm,Buffalo,WAUMANDEE,44.32742145260870,-91.70103852283
414,58714,,POINT (-91.87879628556223 44.52592135726271),Truan Farms Inc-Other Place,Buffalo,CANTON,44.52592135726270,-91.87879628556230
415,42439,,POINT (-91.96747660994015 44.50542690111376),Breezy Point Farms LLC-Calf Site,Buffalo,NELSON,44.50542690111380,-91.96747660994020
416,14768,,POINT (-87.7636078681631 44.50239500853159),Da Ran Dairy-DeGrand Site,Kewaunee,LUXEMBURG,44.50239500853160,-87.7636078681631
417,31548,,POINT (-87.56333003942342 44.61917715089425),El Na Farms-Heifer Site,Kewaunee,LINCOLN,44.61917715089430,-87.56333003942340
418,34600,,POINT (-91.70736805995044 45.003210413747134),John and Mary Jane Higbie-Calf Farm,Dunn,COLFAX,45.003210413747100,-91.70736805995040
419,50983,,POINT (-92.0169975157575 44.78136407375019),Alfalawn Farms LLC-Heifer Farm,Dunn,WESTON,44.78136407375020,-92.0169975157575
420,36279,,POINT (-91.00561046902656 44.14387414901589),Blaken Farms LLC-Terry's Farm,Jackson,MELROSE,44.14387414901590,-91.00561046902660
421,48443,,POINT (-91.47431297442132 44.31856898283301),Maliszewski Dairy LLC-Pehler Farm,Trempealeau,ARCADIA,44.31856898283300,-91.47431297442130
422,36279,,POINT (-91.00831856577321 44.14297808582421),Blaken Farms LLC-Larry's Farm,Jackson,MELROSE,44.14297808582420,-91.0083185657732
423,36279,,POINT (-91.02157963684753 44.144601853040975),Blaken Farms LLC-Joby's Farm,Jackson,MELROSE,44.144601853041000,-91.02157963684750
424,11740,,POINT (-88.13829602344997 44.3365719174529),Tinedale Farms LLP-Klister Pit,Brown,WRIGHTSTOWN,44.3365719174529,-88.13829602345000
425,36279,,POINT (-91.02735911351068 44.14301774622511),Blaken Farms LLC-John's Farm,Jackson,MELROSE,44.14301774622510,-91.02735911351070
426,18599,,POINT (-87.9427059580607 44.24831739482959),Wayside Dairy LLC-Leick Pit,Brown,MORRISON,44.24831739482960,-87.9427059580607
427,16677,,POINT (-90.95273497787535 44.45685724158974),Heller Farm Inc-Hart Calf Farm,Jackson,GARDEN VALLEY,44.45685724158970,-90.95273497787540
428,9798,,POINT (-88.00560420569312 44.39219827845185),THOMPSONS GOLD DUST DAIRY - Kerkoff Offsite WSF,Brown,GLENMORE,44.39219827845190,-88.00560420569310
429,16677,,POINT (-90.91580450768406 44.46286208252092),Heller Farm Inc-Hoffman Farm,Jackson,ALMA,44.46286208252090,-90.91580450768410
430,18599,,POINT (-87.90680953696368 44.25606429562288),Wayside Dairy LLC-Nonemacher Pad,Brown,MORRISON,44.25606429562290,-87.90680953696370
431,42446,,POINT (-90.99291159105124 44.1196858498338),Pfaff Praire Farms-East Farm,Jackson,MELROSE,44.1196858498338,-90.99291159105120
432,24094,,POINT (-88.30644460650528 43.89307762168395),Lake Breeze Dairy LLC-Satellite Farm,Fond du Lac,CALUMET,43.89307762168400,-88.30644460650530
433,42446,,POINT (-90.99439930732366 44.121145060420424),Pfaff Praire Farm-West Farm,Jackson,MELROSE,44.12114506042040,-90.99439930732370
434,11740,,POINT (-88.16919732556036 44.27732478581467),Tinedale Farms LLP-Holland Pit,Brown,HOLLAND,44.27732478581470,-88.16919732556040
435,42446,,POINT (-91.01083301983387 44.11802158854789),Pfaff Praire Farms-Hog Farm,Jackson,MELROSE,44.11802158854790,-91.01083301983390
436,47071,,POINT (-87.91601696195377 44.32918225565334),Kane Family Farm-Aerts Farm,Brown,GLENMORE,44.32918225565330,-87.91601696195380
437,41972,,POINT (-87.98013798463667 44.36293225704651),ZIRBEL DAIRY FARMS LLC - Gossen Farm,Brown,GLENMORE,44.36293225704650,-87.98013798463670
438,41685,,POINT (-88.45880254148037 44.523084610788075),Birlings Bovines LLC- Meyer Rd Farm,Outagamie,CICERO,44.52308461078810,-88.45880254148040
439,17164,,POINT (-87.96502555179535 45.12403370121528),B&D Dairy Farm LLC-Heifer Facility,Marinette,BEAVER,45.12403370121530,-87.96502555179540
440,12964,,POINT (-91.42159216344787 44.5503102332966),Hamlin Valley Farms Inc-Dan's Farm,Trempealeau,ALBION,44.5503102332966,-91.42159216344790
441,41685,,POINT (-88.42151072570013 44.53326584453843),Birlings Bovines LLC-Birlings Baby Bovines,Outagamie,CICERO,44.53326584453840,-88.42151072570010
442,39374,,POINT (-88.30716662805287 43.493125097178904),Terrance Volm-Across Road Site,Washington,WAYNE,43.4931250971789,-88.30716662805290
443,30652,,POINT (-88.26575486844222 43.6700526105795),Second Look Holsteins LLC-Dry Cow Farm,Fond du Lac,OSCEOLA,43.6700526105795,-88.26575486844220
444,39374,,POINT (-88.29892476949554 43.49167256907439),Terrance Volm-Down Road Site,Washington,WAYNE,43.49167256907440,-88.29892476949550
445,43342,,POINT (-88.30194371369879 43.53341792110186),Beck Dairy Farm LLC-Mom's Farm,Washington,WAYNE,43.53341792110190,-88.30194371369880
446,30652,,POINT (-88.269401054842 43.682966385953016),Second Look Holsteins LLC-Calf Farm,Fond du Lac,OSCEOLA,43.682966385953000,-88.269401054842
447,43342,,POINT (-88.32218611793786 43.52410030769406),Beck Dairy Farm LLC-Dave's Farm,Washington,WAYNE,43.52410030769410,-88.32218611793790
448,40623,,POINT (-88.20917328131263 44.42547384544431),UNITED MEADOWS DAIRY LLC-McCabe Rd Farm,Outagamie,ONEIDA,44.42547384544430,-88.20917328131260
449,43442,,POINT (-88.09337829454589 43.48508987400728),Golden E Dairy LLC-New Farm,Washington,FARMINGTON,43.48508987400730,-88.09337829454590
450,21643,,POINT (-88.05225933370144 44.31445709311418),Mueller Dairy Farm LLC-Farm 2,Brown,WRIGHTSTOWN,44.31445709311420,-88.05225933370140
451,16778,,POINT (-88.33671546031103 43.58998834402872),Clover Hill Dairy-Heifer Site,Fond du Lac,ASHFORD,43.58998834402870,-88.33671546031100
452,45639,,POINT (-88.45013878146109 43.677602223461534),Crailoo Dairy Farm LLC-Heifer Site,Fond du Lac,BYRON,43.677602223461500,-88.45013878146110
453,14768,,POINT (-87.74544373135386 44.52659614175137),Da Ran Dairy LLC-Gasche Rd,Kewaunee,LUXEMBURG,44.52659614175140,-87.74544373135390
454,39994,,POINT (-88.61580414878765 43.86721438772608),Rickert Bros LLC-Heifer Site,Fond du Lac,ELDORADO,43.86721438772610,-88.61580414878770
455,39994,,POINT (-88.6068025245729 43.86598919313165),Rickert Bros LLC-Steer Site,Fond du Lac,ELDORADO,43.86598919313170,-88.6068025245729
456,52453,,POINT (-88.47870174086512 43.63756489535145),Zinke Farms-Home Farm,Fond du Lac,BYRON,43.63756489535150,-88.47870174086510
457,25281,,POINT (-88.34646748704847 43.77080973293506),Vir Clar Farms LLC-Heifer Farm,Fond du Lac,EMPIRE,43.77080973293510,-88.34646748704850
458,46793,,POINT (-88.48644005777786 42.525989065827204),Snudden Farms LLC-Heifer Farm,Walworth,LINN,42.5259890658272,-88.48644005777790
459,46793,,POINT (-88.51307338647813 42.534606714507134),Snudden Farms LLC-Merwin Site,Walworth,LINN,42.534606714507100,-88.51307338647810
460,45279,,POINT (-87.83927789837873 43.753394268990334),Majestic Meadows Dairy LLC-Homestead Site,Sheboygan,SHEBOYGAN FALLS,43.753394268990300,-87.83927789837870
461,5481,,POINT (-88.112304637519 44.19785107715879),Shiloh Dairy LLC-Loadout Pit,Calumet,BRILLION,44.19785107715880,-88.112304637519
462,48126,,POINT (-88.06496320268447 44.23509003125079),Hornstead Dairy-PP Farm,Calumet,BRILLION,44.23509003125080,-88.06496320268450
463,14145,,POINT (-88.11319692651519 44.28648449921955),Country Aire Farms LLC-,Brown,HOLLAND,44.28648449921960,-88.11319692651520
464,48180,,POINT (-87.99744447769577 44.26956393792844),Collins Dairy LLC-Farm 2,Brown,MORRISON,44.26956393792840,-87.99744447769580
465,25481,,POINT (-88.14136665764794 44.199896766790204),Shiloh Dairy LLC-Remote Pit,Calumet,BRILLION,44.19989676679020,-88.14136665764790
466,23883,,POINT (-89.00326872320477 44.28544214624105),Quantum Dairy LLC-Ponto Site,Waupaca,LIND,44.28544214624110,-89.00326872320480
467,18110,,POINT (-89.56567903016936 43.834226521251),Slowey Farms-Home Site,Marquette,WESTFIELD,43.834226521251,-89.56567903016940
468,5029,,POINT (-88.68150235527317 43.387770927902444),Nehls Bros Farms Ltd-East Farm,Dodge,OAK GROVE,43.38777092790250,-88.68150235527320
469,16905,,POINT (-88.97392674814185 43.22788508745802),Crave Brothers Farm-Kidd Farm,Dodge,PORTLAND,43.22788508745800,-88.97392674814190
470,36533,,POINT (-88.04209598523207 44.12199228159945),Dallmann East River Dairy-Robot Facility,Manitowoc,ROCKLAND,44.12199228159950,-88.04209598523210
471,16905,,POINT (-88.92211518434414 43.21667005251121),Crave Brothers Farm-Eggert Farm,Dodge,PORTLAND,43.21667005251120,-88.92211518434410
472,56940,,POINT (-88.75922731147078 43.47777392156019),Kit-tel Inc-Fir Road,Dodge,BURNETT,43.47777392156020,-88.75922731147080
473,44943,,POINT (-88.45328234288228 43.560109464539735),Christian Hill Dairy-AH Site,Dodge,LOMIRA,43.560109464539700,-88.45328234288230
474,47908,,POINT (-90.10041731899474 43.52092968923817),Kinnamon Ridge Dairy LLC-Main Dairy,Sauk,IRONTON,43.52092968923820,-90.10041731899470
475,44943,,POINT (-88.46064641943848 43.537010525763705),Christian Hill Dairy-TW Site,Dodge,THERESA,43.537010525763700,-88.46064641943850
476,38853,,POINT (-89.37090749859276 43.29328589970922),UW Arlington-Sheep South,Dane,VIENNA,43.29328589970920,-89.37090749859280
477,38853,,POINT (-89.3621694201183 43.29863095435007),UW Arlington-Beef Nutrition,Columbia,LEEDS,43.29863095435010,-89.3621694201183
478,38853,,POINT (-89.38209210939117 43.2982670964192),UW Arlington-Swine Facility,Columbia,ARLINGTON,43.2982670964192,-89.38209210939120
479,38853,,POINT (-89.3713420950269 43.2945404086098),UW Arlington-Sheep North,Columbia,ARLINGTON,43.2945404086098,-89.3713420950269
480,38853,,POINT (-89.33547423528412 43.301470761400026),UW Arlington-Blain Dairy,Columbia,LEEDS,43.301470761400000,-89.33547423528410
481,38853,,POINT (-89.37026232821482 43.307738672627295),UW Arlington-Beef Grazing,Columbia,ARLINGTON,43.307738672627300,-89.37026232821480
482,48589,,POINT (-88.91462801035229 43.94099850439573),Trillium Hill Farms-Werch Farm,Green Lake,BERLIN,43.94099850439570,-88.91462801035230
483,38853,,POINT (-89.35502883971898 43.296397314446814),UW Arlington-Bookhout Farm,Columbia,LEEDS,43.296397314446800,-89.35502883971900
484,38020,,POINT (-88.47599785674704 43.470483994721505),J M Schmidt and Sons Inc-Remote WSF,Dodge,THERESA,43.47048399472150,-88.47599785674700
485,44098,,POINT (-88.26828544107973 44.55079120903048),Allen VandeHei-Rottier Place,Outagamie,SEYMOUR,44.55079120903050,-88.26828544107970
486,8589,,POINT (-88.9359485776952 43.93657811591577),Trillium Hill Farms-Ewald Farm,Green Lake,BERLIN,43.93657811591580,-88.9359485776952
487,5029,,POINT (-88.68711114851017 43.400204784695205),Nehls Bros Farms Ltd-Hickey Farm,Dodge,OAK GROVE,43.400204784695200,-88.68711114851020
488,16454,,POINT (-88.2148535995884 44.11507681490522),Holsum Dairy LLC-Elm,Calumet,CHILTON,44.11507681490520,-88.2148535995884
489,5029,,POINT (-88.67949302350812 43.39926502209383),Nehls Bros Farms Ltd-Home Farm,Dodge,OAK GROVE,43.39926502209380,-88.67949302350810
490,53542,,POINT (-89.03674508061142 43.7070355728464),MAM Farms-Heifer Barn,Green Lake,MANCHESTER,43.7070355728464,-89.03674508061140
491,47908,,POINT (-90.10559319428366 43.54070030802914),Kinnamon Ridge Dairy LLC-Dwayne's Farm,Sauk,IRONTON,43.54070030802910,-90.10559319428370
492,47908,,POINT (-90.09169029702402 43.51655804788781),Kinnamon Ridge Dairy LLC-Keller Farm,Sauk,IRONTON,43.51655804788780,-90.09169029702400
493,16454,,POINT (-88.27795771426786 43.96171604635941),Holsum Dairies LLC-Drumlin,Calumet,BROTHERTOWN,43.96171604635940,-88.27795771426790
494,44097,,POINT (-88.21339107172138 44.26997969920266),LandL Farms-Small Farm,Outagamie,BUCHANAN,44.26997969920270,-88.21339107172140
495,16454,,POINT (-88.20496273025067 44.108147769747596),Holsum Dairies LLC-Ditter Pit,Calumet,CHILTON,44.1081477697476,-88.20496273025070
496,47908,,POINT (-90.11087396216541 43.52566190100032),Kinnamon Ridge Dairy LLC-Ray's Farm,Sauk,IRONTON,43.52566190100030,-90.1108739621654
497,12966,,POINT (-88.65316123454409 44.14187913911904),Cross Farms LLC-Satellite Site,Winnebago,WINNECONNE,44.14187913911900,-88.65316123454410
498,17040,,POINT (-88.19741220281499 44.10881039954748),Schneider Farms-Home Farm,Calumet,CHILTON,44.10881039954750,-88.19741220281500
499,47908,,POINT (-90.09322229640335 43.51927051421321),Kinnamon Ridge Dairy LLC-Feed Storage Area,Sauk,IRONTON,43.51927051421320,-90.09322229640340
500,25267,,POINT (-88.26395466991889 44.394547609860965),Neighborhood Dairy-Verns Farm,Outagamie,FREEDOM,44.394547609861000,-88.26395466991890
501,44098,,POINT (-88.26075878543716 44.54323346314075),Allen VandeHei-Linsmeyer Site,Outagamie,SEYMOUR,44.54323346314080,-88.26075878543720
502,44098,,POINT (-88.32530932669832 44.56616391050782),Allen VandeHei-Green Farm,Outagamie,SEYMOUR,44.56616391050780,-88.32530932669830
503,42730,,POINT (-88.73923046356254 44.52353099782086),Rohan Dairy-Heifer Hill,Waupaca,BEAR CREEK,44.52353099782090,-88.73923046356250
504,42730,,POINT (-88.7658892671268 44.51616381334342),Rohan Dairy-Hoffman Farm,Waupaca,BEAR CREEK,44.51616381334340,-88.7658892671268
505,42730,,POINT (-88.73243342567646 44.508684599965896),Rohan Dairy-Corys Pit,Outagamie,DEER CREEK,44.508684599965900,-88.73243342567650
506,17075,,POINT (-88.85019802489376 44.4798501116092),Sugar Creek-O'Brien Farm,Waupaca,LEBANON,44.4798501116092,-88.85019802489380
507,9796,,POINT (-88.256934059305 44.37381131140976),Tidy View-Milk Source Genetics,Outagamie,FREEDOM,44.37381131140980,-88.256934059305
508,9796,,POINT (-88.21866563755461 44.37290068631969),Tidy View-Milk Source Livestock,Outagamie,KAUKAUNA,44.37290068631970,-88.21866563755460
509,9796,,POINT (-88.30991449090548 44.34282569590399),Tidy View-Greiner Road Site,Outagamie,FREEDOM,44.34282569590400,-88.30991449090550
510,7725,,POINT (-88.229744130326 44.37096804211624),Verhasselt Farms-Home Farm,Outagamie,KAUKAUNA,44.37096804211620,-88.229744130326
511,48191,,POINT (-88.7967136523483 44.45413463687171),Egan Bros Partnership-Red Shed Heifer Farm,Waupaca,LEBANON,44.45413463687170,-88.7967136523483
512,48191,,POINT (-88.79882365283693 44.42736496905208),Egan Bros Partnership-Tank Farm,Waupaca,LEBANON,44.42736496905210,-88.79882365283690
513,14144,,POINT (-88.72395199885449 44.57932226316845),Friendship Valley Dairy LLC-Nachtraub Heifer Facility,Outagamie,DEER CREEK,44.57932226316850,-88.72395199885450
514,31966,,POINT (-89.84952892702546 43.25004310499409),Karl Hausner Farms-Brickl Farm,Sauk,TROY,43.25004310499410,-89.84952892702550
515,31966,,POINT (-90.0020659771548 43.28380173404824),Karl Hausner Farms-Weiss Farm Main,Sauk,FRANKLIN,43.28380173404820,-90.0020659771548
516,10652,,POINT (-89.7799860720534 43.265094628428606),Maize N Bacon-Old Bluff Farm,Sauk,PRAIRIE DU SAC,43.265094628428600,-89.7799860720534
517,31966,,POINT (-89.99871031219364 43.28127869502946),Karl Hausner Farms-Weiss Farm Annex,Sauk,FRANKLIN,43.28127869502950,-89.99871031219360
518,31966,,POINT (-89.95433798859271 43.26253307445129),Karl Hausner Farms-Factory Road,Sauk,TROY,43.26253307445130,-89.95433798859270
519,31966,,POINT (-89.98532109182231 43.280098633291196),Karl Hausner Farms-Anderson Farm,Sauk,TROY,43.2800986332912,-89.98532109182230
520,11546,,POINT (-89.77105385833785 43.264239753281544),W C C Flats-Home Farm,Sauk,PRAIRIE DU SAC,43.26423975328150,-89.77105385833790
521,31966,,POINT (-90.0058922056709 43.26905416709091),Karl Hausner Farms-Feiner Farm,Sauk,FRANKLIN,43.26905416709090,-90.0058922056709
522,11546,,POINT (-89.75637559087053 43.26295789241112),W C C Flats-Ballweg Farm,Sauk,PRAIRIE DU SAC,43.26295789241110,-89.75637559087050
523,31966,,POINT (-89.87880923809571 43.24889992024816),Karl Hausner Farms-Haunser Lane,Sauk,TROY,43.24889992024820,-89.87880923809570
524,31966,,POINT (-89.90329345640801 43.27306342034526),Karl Hausner Farms-Schneller Main Farm,Sauk,TROY,43.27306342034530,-89.90329345640800
525,31966,,POINT (-89.89920502393632 43.27286690936123),Karl Hausner Farms-Schneller Annex,Sauk,TROY,43.27286690936120,-89.89920502393630
526,31966,,POINT (-89.91988670642326 43.27890184179697),Karl Hausner Farms-Schultz Farm,Sauk,TROY,43.27890184179700,-89.91988670642330
527,31966,,POINT (-89.89277338528811 43.20787431217469),Karl Hausner Farms-Warren Farm,Sauk,TROY,43.20787431217470,-89.89277338528810
528,30203,,POINT (-90.77923712229166 43.72668130402667),Mlsna East Town Dairy-Laufenburg Farm,Monroe,JEFFERSON,43.72668130402670,-90.77923712229170
529,37353,,POINT (-90.36172691246608 43.27884981962622),Junction View Farm-Stibbe Farm,Richland,ORION,43.27884981962620,-90.36172691246610
530,37353,,POINT (-90.36170635637045 43.27025939082761),Junction View Dairy-Heifer Barns,Richland,ORION,43.27025939082760,-90.36170635637040
531,53658,,POINT (-90.29885685752645 43.24563843469596),Schmidt Farms West-Henpeck Farm,Richland,BUENA VISTA,43.24563843469600,-90.29885685752650
532,37353,,POINT (-90.3581483210289 43.26662242134313),Junction View Dairy-Keller Farm,Richland,ORION,43.26662242134310,-90.3581483210289
533,28479,,POINT (-90.55347606572595 43.96585493847438),Chapman Farms-Oswald Farm,Monroe,ADRIAN,43.96585493847440,-90.55347606572600
534,28479,,POINT (-90.58699374703727 43.981890544304214),Chapman Farms-Home Farm,Monroe,ADRIAN,43.98189054430420,-90.58699374703730
535,30203,,POINT (-90.74633991474632 43.73158627052326),Mlsna East Town Dairy-Jeff's Farm,Monroe,JEFFERSON,43.73158627052330,-90.74633991474630
536,30203,,POINT (-90.75494832773099 43.73008648515942),Mlsna East Town Dairy-Von Ruden Farm,Monroe,JEFFERSON,43.73008648515940,-90.754948327731
537,30203,,POINT (-90.75586213488675 43.726630951530616),Mlsna East Town Dairy-Lee's Farm,Monroe,JEFFERSON,43.726630951530600,-90.75586213488680
538,11960,,POINT (-90.67220411249396 43.59997631636073),Wildrose Dairy-Green Hollow Farm,Vernon,WEBSTER,43.59997631636070,-90.67220411249400
539,28479,,POINT (-90.58304855696038 43.97578755927142),Chapman Farms-Hemmersbach,Monroe,ADRIAN,43.97578755927140,-90.58304855696040
540,30203,,POINT (-90.76213430511862 43.73246686132389),Mlsna East Town Dairy-Kast Farm,Monroe,JEFFERSON,43.73246686132390,-90.76213430511860
541,30203,,POINT (-90.80690863751526 43.75573733991217),Mlsna East Town Dairy-Frederick Farm,Monroe,PORTLAND,43.75573733991220,-90.80690863751530
542,61212,,POINT (-90.62235438540392 43.88036284807155),Hawk High Dairy-Frye Farm,Monroe,RIDGEVILLE,43.88036284807160,-90.62235438540390
543,30203,,POINT (-90.82003691278959 43.71934084725298),Mlsna East Town Dairy-Amundson Farm,Vernon,CHRISTIANA,43.71934084725300,-90.8200369127896
544,28479,,POINT (-90.58079202754546 43.96125072332233),Chapman Farms-Pierce Farm,Monroe,ADRIAN,43.96125072332230,-90.58079202754550
545,61212,,POINT (-90.61914690817923 43.883115845054135),Hawk High Dairy-Hansen Farm,Monroe,RIDGEVILLE,43.883115845054100,-90.61914690817930
546,7089,,POINT (-89.13532840852424 43.199332262571346),Statz Brothers Inc-Oberts Farm,Dane,BRISTOL,43.19933226257140,-89.13532840852420
547,7089,,POINT (-89.16991957127767 43.15966440485474),Statz Brothers Inc-B Farm,Dane,SUN PRAIRIE,43.15966440485470,-89.16991957127770
548,29256,,POINT (-87.50477588441568 44.74601334633859),S & S Jerseyland Dairy LLC-Calf Site,Door,FORESTVILLE,44.74601334633860,-87.50477588441570
549,7089,,POINT (-89.1762609234492 43.18061978254375),Statz Brothers Inc-Blaska Farm,Dane,SUN PRAIRIE,43.18061978254380,-89.1762609234492
550,29256,,POINT (-87.39479984516628 44.68833034365716),S & S Jerseyland Dairy LLC-Pennisula Farm,Door,CLAY BANKS,44.68833034365720,-87.39479984516630
551,7089,,POINT (-89.16691691566216 43.203467854081815),Statz Brothers Inc-Krebs Farm,Dane,BRISTOL,43.203467854081800,-89.16691691566220
552,7089,,POINT (-89.14509677386715 43.19847699847399),Statz Brothers Inc-Rich's Farm,Dane,BRISTOL,43.19847699847400,-89.14509677386720
553,33398,,POINT (-91.8890037639686 45.328233446904775),Four Mile Creek Dairy-Calf Farm,Barron,MAPLE GROVE,45.328233446904800,-91.8890037639686
554,15053,,POINT (-90.36841104337492 44.74129086459547),Dietsche Dairy LLC-Zach Site,Clark,SHERMAN,44.74129086459550,-90.36841104337490
555,36637,,POINT (-92.07653936153723 45.44116722561303),Scheps Dairy Inc-Heifer Site,Barron,ALMENA,45.44116722561300,-92.07653936153720
556,52974,,POINT (-88.89989075124669 44.049328489438146),Krentz Family Dairy Inc-Dry Cow Farm,Waushara,AURORA,44.04932848943820,-88.89989075124670
557,21913,,POINT (-90.53515983021009 44.60884591589272),MS Farming-Four Star Farm,Clark,YORK,44.60884591589270,-90.53515983021010
558,15053,,POINT (-90.3959357166778 44.74283720393209),Dietsche Dairy LLC-Rothomer Site,Clark,SHERMAN,44.74283720393210,-90.3959357166778
559,21913,,POINT (-90.54954416164259 44.60547303857648),MS Farming LLC-Luchterhand Farm,Clark,YORK,44.60547303857650,-90.5495441616426
560,17361,,POINT (-90.1729433925841 44.793929757262546),Maple Ridge Dairy Business LLC-B Farm,Marathon,EAU PLEINE,44.79392975726260,-90.1729433925841
561,15053,,POINT (-90.3844643465406 44.712722300028595),Dietsche Dairy LLC-Glick Farm,Clark,SHERMAN,44.7127223000286,-90.3844643465406
562,41865,,POINT (-90.75921375605232 44.92186028825488),Dutch Dairy LLC-East Pit Site,Clark,RESEBURG,44.92186028825490,-90.75921375605230
563,23551,,POINT (-89.27443658046741 44.93135975977415),Schairer Farms-Seigharters Heifer Facility,Marathon,NORRIE,44.93135975977420,-89.27443658046740
564,19420,,POINT (-90.43468423699179 44.69465025069116),Elusive Hill Dairy LLC-Young Stock Facility,Clark,SHERMAN,44.69465025069120,-90.4346842369918
565,17361,,POINT (-90.16829049891327 44.831541776926386),Maple Ridge Dairy Business LLC-H Farm,Marathon,EAU PLEINE,44.83154177692640,-90.16829049891330
566,20967,,POINT (-91.19342314234255 45.74096169048744),Chippewa View Farms LLC-Home Farm,Sawyer,RADISSON,45.74096169048740,-91.19342314234260
567,46122,,POINT (-89.07027640034819 43.15225050578388),Kersten Farms LLC-Tims Farm,Dane,MEDINA,43.15225050578390,-89.07027640034820
568,48603,,POINT (-91.221692743797 45.624038790683535),North Star Acres-Heifer Site,Rusk,MURRY,45.624038790683500,-91.221692743797
569,17361,,POINT (-90.15215514263866 44.80749083362772),Maple Ridge Dairy Business LLC-M Farm,Marathon,EAU PLEINE,44.80749083362770,-90.15215514263870
570,41909,,POINT (-90.24475600759222 44.593273821333774),Destiny Farm LLC-Nason Valley Farm,Wood,ROCK,44.593273821333800,-90.24475600759220
571,23554,,POINT (-90.26116813521358 44.823873979485995),Lynn Enterprises-Hoffman Farm,Marathon,BRIGHTON,44.823873979486,-90.26116813521360
572,7089,,POINT (-89.18084434610937 43.18349954219165),Statz Brothers Inc-Schuster,Dane,SUN PRAIRIE,43.18349954219170,-89.18084434610940
573,23554,,POINT (-90.26820852159526 44.815906884544724),Lynn Enterprises-Melanders Farm,Marathon,BRIGHTON,44.81590688454470,-90.26820852159530
574,23548,,POINT (-89.31337563795194 44.5009407532804),Gordondale Farms Inc-Home Farm,Portage,Nelsonville,44.5009407532804,-89.31337563795190
575,23554,,POINT (-90.28854734792702 44.817958589684096),Lynn Enterprises-Pulling Shop,Marathon,BRIGHTON,44.817958589684100,-90.28854734792700
576,46122,,POINT (-89.06884065878585 43.14373869606345),Kersten Farms LLC-Darrins Farm,Dane,MEDINA,43.14373869606350,-89.06884065878590
577,23554,,POINT (-90.28795937128756 44.82896602086026),Lynn Enterprises-Hollow Farm,Marathon,BRIGHTON,44.82896602086030,-90.28795937128760
578,23554,,POINT (-90.2893010645429 44.831617951132685),Lynn Enterprises-Sheldon Farm,Marathon,BRIGHTON,44.831617951132700,-90.2893010645429
579,46122,,POINT (-89.07748774975626 43.12526628997169),Kersten Farms LLC-Farm (3),Dane,MEDINA,43.12526628997170,-89.07748774975630
580,23554,,POINT (-90.2872639144194 44.83757962523744),Lynn Enterprises-Heifer Barn,Marathon,BRIGHTON,44.83757962523740,-90.2872639144194
581,7089,,POINT (-89.15341374078555 43.17616064775503),Statz Brothers Inc-Long,Dane,SUN PRAIRIE,43.17616064775500,-89.15341374078560
582,23554,,POINT (-90.28303808843506 44.82973564953295),Lynn Enterprises-Willies Farm,Marathon,BRIGHTON,44.82973564953300,-90.28303808843510
583,7921,,POINT (-89.72437402609361 43.175859893006454),Wagner Dairy Farm-Beuthin,Dane,MAZOMANIE,43.17585989300650,-89.72437402609360
584,23554,,POINT (-90.28655949596438 44.85069984240488),Lynn Enterprises-Highway West,Marathon,BRIGHTON,44.85069984240490,-90.28655949596440
585,23554,,POINT (-90.27673779600711 44.85043015716778),Lynn Enterprises-Greg Lynn Farm,Marathon,BRIGHTON,44.85043015716780,-90.27673779600710
586,7921,,POINT (-89.70641627360821 43.11755281282508),Wagner Dairy Farm-Zander,Dane,CROSS PLAINS,43.11755281282510,-89.70641627360820
587,16432,,POINT (-90.15707040701874 45.034771237942316),Miltrim Farms Inc-Old Dairy,Marathon,BERN,45.03477123794230,-90.15707040701870
588,23547,,POINT (-88.8601412446805 42.86813291290041),Pond Hill Dairy LLC-Farm 2,Jefferson,KOSHKONONG,42.86813291290040,-88.8601412446805
589,23551,,POINT (-89.26409086012363 44.94244043630781),Schairer Farms-Steer Lot,Marathon,NORRIE,44.94244043630780,-89.26409086012360
590,7921,,POINT (-89.6262798889632 43.16755094954275),Wagner Dairy Farm-Dresen,Dane,BERRY,43.16755094954280,-89.6262798889632
591,23546,,POINT (-89.3102643297438 44.505209601886826),Gordondael Farms Inc-Hog Farm,Portage,NEW HOPE,44.505209601886800,-89.3102643297438
592,49497,,POINT (-89.140498441657 43.15292835998864),R Acres Rademacher-Alice Farm,Dane,SUN PRAIRIE,43.15292835998860,-89.140498441657
593,23547,,POINT (-88.86638352066548 42.88637878458847),Pond Hill Dairy LLC-Farm 5,Jefferson,KOSHKONONG,42.88637878458850,-88.86638352066550
594,49497,,POINT (-89.12778774021216 43.15498592213307),R Acres Rademacher-Veith Farm,Dane,MEDINA,43.15498592213310,-89.12778774021220
595,42347,,POINT (-88.84000991417275 43.07421875671096),Dean Eggs dba Nature Link Farms-Hermann Farm,Jefferson,AZTALAN,43.07421875671100,-88.84000991417280
596,52291,,POINT (-89.30200020478702 43.23451259904669),Manthe Feed & Grain-Drews Facility,Dane,Windsor,43.23451259904670,-89.30200020478700
597,14140,,POINT (-89.34034430553653 42.69059248855567),Larson Acres Inc-Heifer Facility,Rock,MAGNOLIA,42.69059248855570,-89.34034430553650
598,43612,,POINT (-89.5216408977776 42.87688047880475),Prairieland Dairy-Home Farm,Dane,MONTROSE,42.87688047880480,-89.5216408977776
599,43612,,POINT (-89.51267566492182 42.8932626829194),Prairieland Dairy-Heifer Facility,Dane,MONTROSE,42.8932626829194,-89.51267566492180
600,14768,,POINT (-87.66965548172475 44.54449328842174),Da Ran Dairy LLC-Satellite,Kewaunee,LUXEMBURG,44.54449328842170,-87.66965548172480
601,25828,,POINT (-87.68302172026303 44.3954217735413),Rolling Hills Dairy-Christoff Site,Kewaunee,FRANKLIN,44.3954217735413,-87.68302172026300
602,33947,,POINT (-88.37305829106982 44.63220825161336),Betley Farms - Ridge Farm,Shawano,LESSOR,44.63220825161340,-88.37305829106980
603,33947,,POINT (-88.35305591052696 44.613338659128146),Betley Farms - Heifer Park Farm,Shawano,MAPLE GROVE,44.61333865912820,-88.35305591052700
604,15050,,POINT (-89.15820195079324 44.97434744195169),Matsche Farms-Korbisch Pit,Shawano,ANIWA,44.97434744195170,-89.15820195079320
605,13505,,POINT (-90.71135647653037 42.81020372437602),Majestic View Dairy LLC-Clements Farm,Grant,SOUTH LANCASTER,42.81020372437600,-90.71135647653040
606,35713,,POINT (-89.66094035614562 42.717122918912395),Valley Mead Farm LLC-Alvin Farm,Green,WASHINGTON,42.7171229189124,-89.66094035614560
607,44060,,POINT (-90.31145696737438 42.68348930681381),DC Kamps-Nursery Farm,Lafayette,ELK GROVE,42.68348930681380,-90.31145696737440
608,44595,,POINT (-90.7212390093894 42.80584011061006),Wolf L&G Farms LLC-Mckelvey Farm,Grant,SOUTH LANCASTER,42.80584011061010,-90.7212390093894
609,31968,,POINT (-90.58662343959136 42.67724733290466),Kieler Farms Inc-Waterman Farm,Grant,PARIS,42.67724733290470,-90.58662343959140
610,31968,,POINT (-90.59388490724747 42.70678636860459),Kieler Farms Inc-Stanton Ridge Farm,Grant,HARRISON,42.70678636860460,-90.59388490724750
611,31968,,POINT (-90.5677915669434 42.66179852159962),Kieler Farms Inc-Home Farm,Grant,PARIS,42.66179852159960,-90.5677915669434
612,31968,,POINT (-90.57857711710501 42.715263954015775),Kieler Farms Inc-Maple Ridge Farm,Grant,HARRISON,42.715263954015800,-90.578577117105
613,31967,,POINT (-89.43532074635289 42.728492148945904),Plainview Stock Farm Inc-Detra Farm,Green,ALBANY,42.728492148945900,-89.43532074635290
614,13505,,POINT (-90.68492039461718 42.82723463821385),Majestic View Dairy LLC-County Farm,Grant,SOUTH LANCASTER,42.82723463821390,-90.68492039461720
615,11788,,POINT (-89.96699945644308 42.639880365934715),Cottonwood Dairy LLC-Heifer Facility,Lafayette,WIOTA,42.63988036593470,-89.96699945644310
616,31968,,POINT (-90.56070232607536 42.66132428887818),Kieler Farms Inc-Little Platte Lane Facility,Grant,PARIS,42.66132428887820,-90.56070232607540
617,31968,,POINT (-90.59145686689402 42.70059217352739),Kieler Farms Inc-Stanton Farm,Grant,HARRISON,42.70059217352740,-90.59145686689400
618,44595,,POINT (-90.70151687105319 42.78231426811718),Wolf L&G Farms LLC-Pitts Feedlot (Pasture) Farm,Grant,SOUTH LANCASTER,42.78231426811720,-90.7015168710532
619,44595,,POINT (-90.6962469139785 42.78171229682585),Wolf L&G Farm LLC-Praire View Swine Farm,Grant,SOUTH LANCASTER,42.78171229682590,-90.6962469139785
620,5118,,POINT (-90.26222934714959 42.797538776814534),Hidden Valley Farms Inc-Summer Parlor,Lafayette,KENDALL,42.79753877681450,-90.2622293471496
621,31968,,POINT (-90.57825539735369 42.689819178971774),Kieler Farms Inc-Cornelia Farm,Grant,HARRISON,42.689819178971800,-90.57825539735370
622,35713,,POINT (-89.61002581526434 42.761274624964265),Valley Mead Farm LLC-Freitag,Green,WASHINGTON,42.761274624964300,-89.61002581526430
623,44595,,POINT (-90.70578345906866 42.783638858512575),Wolf L&G Farms Inc-Pitts Finisher Farm,Grant,SOUTH LANCASTER,42.783638858512600,-90.70578345906870
624,31968,,POINT (-90.59024398419841 42.732343982962675),Kieler Farms Inc-Travis Farm,Grant,HARRISON,42.73234398296270,-90.5902439841984
625,32531,,POINT (-91.08605343930812 42.89403415511455),Clark View Farms LLC-Irish Farm,Grant,BLOOMINGTON,42.89403415511460,-91.08605343930810
626,44595,,POINT (-90.71069705118047 42.7798955727112),Wolf L&G Farms LLC-Bailey Farm,Grant,SOUTH LANCASTER,42.7798955727112,-90.71069705118050
627,44595,,POINT (-90.70470135151471 42.758945145216146),Wolf L&G Farms LLC-Case Farm,Grant,POTOSI,42.75894514521620,-90.70470135151470
628,32532,,POINT (-89.42299137662128 42.54487472009143),Williams Bedrock Bovines Inc-Jeff's Farm,Green,SPRING GROVE,42.54487472009140,-89.42299137662130
629,13505,,POINT (-90.6643371187218 42.873578345706015),Majestic View Dairy LLC-Seemeyer Farm,Grant,LIBERTY,42.873578345706000,-90.6643371187218
630,44595,,POINT (-90.76820073624603 42.77825987640031),Wolf L&G Farms LLC-Hurricane Finisher Farm,Grant,SOUTH LANCASTER,42.77825987640030,-90.76820073624600
631,74574,,POINT (-88.68048683648514 44.854552352007914),Paiser Family Dairy LLC-Kroenke Farm,Shawano,RICHMOND,44.85455235200790,-88.68048683648510
632,21912,,POINT (-87.47829785450583 44.55574231742153),EBERT DAIRY ENTERPRISES LLC-Longfellow Site,Kewaunee,PIERCE,44.55574231742150,-87.47829785450580
633,21912,,POINT (-87.51168986821352 44.587898320924495),EBERT DAIRY ENTERPRISES LLC-K Farm,Kewaunee,PIERCE,44.587898320924500,-87.51168986821350
634,50547,,POINT (-88.24139029356766 44.190657918922184),Seven Oaks Dairy LLC-Marx Site,Calumet,WOODVILLE,44.19065791892220,-88.24139029356770
635,9798,,POINT (-88.10797646696261 44.37111602750679),Thompsons Gold Dust Dairy-Vanderlinden,Brown,ROCKLAND,44.37111602750680,-88.10797646696260
636,15050,,POINT (-89.21320325979535 44.90224666217586),Matsche Farms Inc - Western Ave Pit,Shawano,BIRNAMWOOD,44.90224666217590,-89.21320325979540
637,50447,,POINT (-87.92496923990117 44.40979565034045),LedgeView Farms LLC-Glenmore Site,Brown,GLENMORE,44.40979565034050,-87.92496923990120
638,81110,,POINT (-89.001710496193 45.059354688437836),Evergreen Dairy Resort LLC-Menting Site,Langlade,NORWOOD,45.05935468843780,-89.001710496193
639,45793,,POINT (-88.04723123546783 45.03908011808433),Coleman Ponderosa LLC - Brye Farm,Marinette,POUND,45.03908011808430,-88.04723123546780
640,55293,,POINT (-88.06147925206338 44.217832719644974),Woldt Farms LLC-Kelsey's Pit,Calumet,BRILLION,44.217832719645000,-88.06147925206340
641,32863,,POINT (-87.98414522357604 45.26567256790731),Van De Walle Farms - Satellite WSF,Marinette,STEPHENSON,45.26567256790730,-87.98414522357600
642,32863,,POINT (-87.90646109937006 45.22095862283891),Van De Walle Farms LLC - Pioneer Farm,Marinette,LAKE,45.22095862283890,-87.90646109937010
643,-1,Door extra point 1,"POINT (-87.39939, 44.74324)",,Door,,44.74324,-87.39939
644,-1,Door extra point 2,"POINT (-87.45336, 44.79502)
",,Door,,44.79502,-87.45336
645,-1,Door extra point 3,"POINT  (-87.58423, 44.73556)",,Door,,44.73556,-87.58423
646,-1,Door extra point 4,"POINT  (-87.59583, 44.69306)",,Door,,44.69306,-87.59583
647,-1,Door extra point 5,"POINT  (-87.64844, 44.75496)",,Door,,44.75496,-87.64844
648,-1,Door extra point 6,"POINT  (-87.46434, 44.70105)",,Door,,44.70105,-87.46434